[09:52:46] [main/INFO]: Loading Minecraft 26.1.2 with Fabric Loader 0.19.2
[09:52:46] [main/INFO]: Mappings not present!
[09:52:46] [ForkJoinPool-1-worker-15/WARN]: Mod freecam_cloth-config_26_1 uses the version cloth-config-1.4.0-rc.1+mc26.1.2 which isn't compatible with Loader's extended semantic version format (Could not parse version number component 'cloth'!), SemVer is recommended for reliably evaluating dependencies and prioritizing newer version
[09:52:46] [ForkJoinPool-1-worker-14/WARN]: Mod com_github_rtyley_animated-gif-lib-for-java uses the version animated-gif-lib-1.7 which isn't compatible with Loader's extended semantic version format (Could not parse version number component 'animated'!), SemVer is recommended for reliably evaluating dependencies and prioritizing newer version
[09:52:46] [main/WARN]: Warnings were found!
 - Mod 'Caxton' (caxton) 1.0.0-alpha.5 conflicts with any version of mod 'Iris' (iris), which is present with the following versions: 1.10.9+mc26.1.1!
	 - While this won't prevent you from starting the game, the developer(s) of mod 'Caxton' (caxton) have found that this combination may cause issues. You should remove one of the mods or check for updates that resolve the issue.
 - Mod 'Sounds' (sounds) 2.5.0+lts recommends any version of rsls, which is missing!
	 - You should install any version of rsls for the optimal experience.
[09:52:46] [main/INFO]: Loading 260 mods:
	- acrylic 1.8.1
	- almanac 1.6.2
	- ambientsounds 6.3.6
	- async 0.2.2+alpha-26.1.2
	   |-- com_axalotl_async_api 1.0.1
	   \-- fabric-permissions-api-v0 0.7.0
	- badoptimizations 2.4.1
	- balm 26.1.2.6
	   \-- kuma_api 26.1.2.2
	- bettergrass 1.8.6+fabric.26.1.2
	- betterstats 5.2.1+fabric-26.1
	- biomesoplenty 26.1.2.0.11
	   |-- com_google_code_findbugs_jsr305 3.0.2
	   \-- net_jodah_typetools 0.6.3
	- boatiview 0.0.9
	- c2me 0.3.7+alpha.0.69+26.1.2
	   |-- c2me-base 0.3.7+alpha.0.69+26.1.2
	   |-- c2me-client-uncapvd 0.3.7+alpha.0.69+26.1.2
	   |-- c2me-fixes-chunkio-threading-issues 0.3.7+alpha.0.69+26.1.2
	   |-- c2me-fixes-general-threading-issues 0.3.7+alpha.0.69+26.1.2
	   |-- c2me-fixes-worldgen-threading-issues 0.3.7+alpha.0.69+26.1.2
	   |-- c2me-fixes-worldgen-vanilla-bugs 0.3.7+alpha.0.69+26.1.2
	   |-- c2me-notickvd 0.3.7+alpha.0.69+26.1.2
	   |-- c2me-opts-allocs 0.3.7+alpha.0.69+26.1.2
	   |-- c2me-opts-chunkio 0.3.7+alpha.0.69+26.1.2
	   |-- c2me-opts-dfc 0.3.7+alpha.0.69+26.1.2
	   |-- c2me-opts-math 0.3.7+alpha.0.69+26.1.2
	   |-- c2me-opts-natives-math 0.3.7+alpha.0.69+26.1.2
	   |-- c2me-opts-scheduling 0.3.7+alpha.0.69+26.1.2
	   |-- c2me-opts-worldgen-general 0.3.7+alpha.0.69+26.1.2
	   |-- c2me-opts-worldgen-vanilla 0.3.7+alpha.0.69+26.1.2
	   |-- c2me-rewrites-chunk-serializer 0.3.7+alpha.0.69+26.1.2
	   |-- c2me-rewrites-chunk-system 0.3.7+alpha.0.69+26.1.2
	   |-- c2me-rewrites-chunkio 0.3.7+alpha.0.69+26.1.2
	   |-- c2me-server-utils 0.3.7+alpha.0.69+26.1.2
	   |-- c2me-threading-lighting 0.3.7+alpha.0.69+26.1.2
	   |-- com_ibm_async_asyncutil 0.1.0
	   |-- io_reactivex_rxjava3_rxjava 3.1.12
	   |-- mixinsquared 0.3.7-beta.1
	   |-- net_objecthunter_exp4j 0.4.8
	   |-- org_jctools_jctools-core 4.0.5
	   \-- org_reactivestreams_reactive-streams 1.0.4
	- camerautils 1.1.2+26.1.2
	   |-- fabric-api-base 2.0.3+ece0632359
	   \-- fabric-key-mapping-api-v1 2.0.4+e2bdee7859
	- caxton 1.0.0-alpha.5
	   \-- com_github_ben-manes_caffeine_caffeine 3.1.2
	- chatanimation 1.1.3
	- chatimpressiveanimation 1.6.0+mc26.1.2
	- cherishedworlds 16.0.0+26.1.2
	   \-- spectrelib 0.21.0+26.1.2
	        |-- com_electronwill_night-config_core 3.8.4
	        \-- com_electronwill_night-config_toml 3.8.4
	- chunky 1.5.3
	- cicada 0.15.1+26.1
	   \-- org_yaml_snakeyaml 2.2
	- clienttweaks 26.1.2.3
	   \-- shogi_api 26.1.2.2-SNAPSHOT
	- cloth-config 26.1.154
	   \-- cloth-basic-math 0.6.1
	- collective 8.22
	- configured 2.7.5
	- continuity 3.0.1-beta.2+26.1
	- creativecore 2.14.16
	   \-- net_neoforged_bus 7.2.0
	- cullleaves 4.1.2
	- customskinloader 14.28
	- cwb 4.0.5+26.1
	- debugify 26.1.2.2
	- do_a_barrel_roll 3.8.4
	- drippyloadingscreen 3.1.3
	- dynamic_fps 3.11.7
	   |-- dynamic_fps_common 3.11.7
	   \-- net_lostluma_battery 2.1.0
	- easymagic 26.1.0
	- enchdesc 26.1.2.1
	- entity_model_features 3.2.4
	- entity_texture_features 7.1
	- entityculling 1.10.2
	   |-- transition 1.0.19
	   \-- trender 1.0.13
	- euphoria_patcher 1.9.2-r5.8.1-fabric
	- fabric-api 0.150.0+26.1.2
	   |-- fabric-api-lookup-api-v1 2.0.11+d5a053b64c
	   |-- fabric-biome-api-v1 18.0.4+35c80edc4c
	   |-- fabric-block-api-v1 3.0.2+ec56b6014c
	   |-- fabric-block-getter-api-v2 2.0.6+ec56b6014c
	   |-- fabric-command-api-v2 3.0.5+e2bdee784c
	   |-- fabric-content-registries-v0 11.2.0+76b0b6bb4c
	   |-- fabric-convention-tags-v2 4.6.1+4f11f7994c
	   |-- fabric-crash-report-info-v1 1.0.3+9f78a5a84c
	   |-- fabric-creative-tab-api-v1 5.0.11+d871b99e4c
	   |-- fabric-data-attachment-api-v1 2.2.7+44a0bd1d4c
	   |-- fabric-data-generation-api-v1 24.2.1+73b1f9054c
	   |-- fabric-debug-api-v1 1.0.1+c792624d4c
	   |-- fabric-dimensions-v1 5.1.5+9cbf5da54c
	   |-- fabric-entity-events-v1 5.0.2+e2bdee784c
	   |-- fabric-events-interaction-v0 5.2.2+07b380be4c
	   |-- fabric-game-rule-api-v1 4.0.5+d871b99e4c
	   |-- fabric-item-api-v1 14.1.2+73d134684c
	   |-- fabric-lifecycle-events-v1 4.1.0+6d50a0854c
	   |-- fabric-loot-api-v3 3.0.12+00a1fba64c
	   |-- fabric-menu-api-v1 2.0.13+d871b99e4c
	   |-- fabric-message-api-v1 7.0.5+dae8ce3e4c
	   |-- fabric-model-loading-api-v1 8.0.7+c80601bb4c
	   |-- fabric-networking-api-v1 6.3.1+554860db4c
	   |-- fabric-object-builder-api-v1 23.0.16+b95dd56e4c
	   |-- fabric-particles-v1 5.0.15+b61fef434c
	   |-- fabric-permission-api-v1 1.0.1+c3369b134c
	   |-- fabric-recipe-api-v1 9.0.15+be4b75ae4c
	   |-- fabric-registry-sync-v0 7.0.13+b61fef434c
	   |-- fabric-renderer-api-v1 13.0.4+c80601bb4c
	   |-- fabric-renderer-indigo 8.1.1+1403e82c4c
	   |-- fabric-rendering-fluids-v1 6.0.1+d871b99e4c
	   |-- fabric-rendering-v1 23.1.1+1403e82c4c
	   |-- fabric-resource-conditions-api-v1 6.0.5+00a1fba64c
	   |-- fabric-resource-loader-v0 3.3.17+4fc5413f4c
	   |-- fabric-resource-loader-v1 2.0.10+7c44c7324c
	   |-- fabric-screen-api-v1 5.0.1+d871b99e4c
	   |-- fabric-serialization-api-v1 2.0.3+11a26f314c
	   |-- fabric-sound-api-v1 2.0.4+11a26f314c
	   |-- fabric-tag-api-v1 2.1.1+371cf5db4c
	   |-- fabric-transfer-api-v1 8.0.5+357ea7334c
	   \-- fabric-transitive-access-wideners-v1 8.1.1+7f80f93d4c
	- fabric-language-kotlin 1.13.11+kotlin.2.3.21
	   |-- org_jetbrains_kotlin_kotlin-reflect 2.3.21
	   |-- org_jetbrains_kotlin_kotlin-stdlib 2.3.21
	   |-- org_jetbrains_kotlin_kotlin-stdlib-jdk7 2.3.21
	   |-- org_jetbrains_kotlin_kotlin-stdlib-jdk8 2.3.21
	   |-- org_jetbrains_kotlinx_atomicfu-jvm 0.32.1
	   |-- org_jetbrains_kotlinx_kotlinx-coroutines-core-jvm 1.10.2
	   |-- org_jetbrains_kotlinx_kotlinx-coroutines-jdk8 1.10.2
	   |-- org_jetbrains_kotlinx_kotlinx-datetime-jvm 0.7.1
	   |-- org_jetbrains_kotlinx_kotlinx-io-bytestring-jvm 0.9.0
	   |-- org_jetbrains_kotlinx_kotlinx-io-core-jvm 0.9.0
	   |-- org_jetbrains_kotlinx_kotlinx-serialization-cbor-jvm 1.11.0
	   |-- org_jetbrains_kotlinx_kotlinx-serialization-core-jvm 1.11.0
	   \-- org_jetbrains_kotlinx_kotlinx-serialization-json-jvm 1.11.0
	- fabricloader 0.19.2
	   \-- mixinextras 0.5.4
	- fabrishot 1.17.0
	- fallingleaves 2.0.6
	- fancymenu 3.9.1
	   |-- com_github_keksuccino_japng 0.5.3
	   |-- com_github_rtyley_animated-gif-lib-for-java animated-gif-lib-1.7
	   \-- net_objecthunter_exp4j 0.4.8
	- farmersdelight 26.1-3.6.5+refabricated
	- fastitemframes 26.1.0
	- fastquit 3.1.4+mc26.1.x
	- forgeconfigapiport 26.1.4
	- framework 0.13.23
	   |-- org_javassist_javassist 3.30.2-GA
	   \-- org_reflections_reflections 0.10.2
	- freecam 1.4.0-rc.1
	   \-- freecam_cloth-config_26_1 cloth-config-1.4.0-rc.1+mc26.1.2
	- glitchcore 26.1.2.0.2
	   \-- net_jodah_typetools 0.6.3
	- imblocker 7.1.4
	- immediatelyfast 1.15.2+26.1.2
	   \-- net_lenni0451_reflect 1.6.2
	- invmove 0.9.4
	- iris 1.10.9+mc26.1.1
	   |-- io_github_douira_glsl-transformer 3.0.0-pre3
	   |-- org_anarres_jcpp 1.4.14
	   \-- org_antlr_antlr4-runtime 4.13.1
	- iris-extension 1.0.2
	- java 26
	- jei 29.6.2.31
	- konkrete 1.10.2
	- krypton 0.3.0
	   \-- com_velocitypowered_velocity-native 3.4.0-SNAPSHOT
	- lambdynlights 4.10.2+26.1.2
	   |-- lambdynlights_api 4.10.2+26.1.2
	   |    |-- yumi_commons_collections 2.0.0
	   |    |-- yumi_commons_core 2.0.0
	   |    \-- yumi_commons_event 2.0.0
	   |-- pride 1.6.0+26.1
	   |-- spruceui 10.0.0+26.1
	   \-- yumi_mc_core 1.0.0+26.1
	        |-- yumi_commons_collections 2.0.0
	        |-- yumi_commons_core 2.0.0
	        \-- yumi_commons_event 2.0.0
	- languagereload 1.7.6+26.1
	- letmedespawn 1.6.2
	- litematica 0.27.6
	   \-- conditional-mixin 0.6.4
	- lithium 0.24.4+mc26.1.2
	- lithostitched 1.7.9
	- lsdc 6.0.0-snapshot+mc26.1-local
	- malilib 0.28.6
	   \-- conditional-mixin 0.6.4
	- mcwbridges 3.1.2
	- mcwdoors 1.1.5
	- mcwfurnitures 3.4.2
	- mcwholidays 1.1.2
	- mcwifipnp 1.9.8
	- mcwlights 1.1.5
	- mcwpaintings 1.1.0
	- mcwpaths 1.1.1
	- mcwroofs 2.3.2
	- mcwstairs 1.0.2
	- mcwtrpdoors 1.1.5
	- mcwwindows 2.4.2
	- melody 1.0.16
	- midnightlib 1.9.3
	- minecraft 26.1.2
	- mo_glass 1.12-MC26.1.2
	- modmenu 18.0.0-beta.1
	   |-- fabric-api-base 2.0.3+ece0632359
	   \-- fabric-key-mapping-api-v1 2.0.4+e2bdee7859
	- morechathistory 2.0.0
	- moreculling 1.7.0
	- mousetweaks 2.31
	- mr_vanilla_refresh 1.4.31
	- mru 1.0.28+lts+26.1
	- notenoughcrashes 4.4.9+26.1.2
	- packetfixer 3.3.5
	- pickupnotifier 26.1.1
	- placeholder-api 3.0.0+26.1
	- presencefootsteps 1.13.0+26.1
	   \-- kirin 1.22.0-beta.1+26.1
	- prickle 26.1.2.3
	- puzzleslib 26.1.8
	- reeses-sodium-options 2.0.5+mc26.1.1
	- refurbished_furniture 1.0.23
	- scalablelux 0.2.0+fabric.2b63825
	- sclp 5.4-snapshot+mc26.1-local
	- shulkerboxtooltip 5.2.18+26.1
	- sit 1.5.1
	- sodium 0.8.12+mc26.1.2
	- sodium-extra 0.8.7+mc26.1.1
	- sound_physics_remastered 1.5.1+26.1.2
	- sounds 2.5.0+lts
	   \-- yumi_mc_core 1.0.0+26.1
	        |-- yumi_commons_collections 2.0.0
	        |-- yumi_commons_core 2.0.0
	        \-- yumi_commons_event 2.0.0
	- spark 1.10.172
	   \-- fabric-permissions-api-v0 0.7.0
	- sspb 7.0.0
	- superfastmath 0.0.4-26.1.2
	   \-- org_apache_commons_commons-math3 3.6.1
	- tcdcommons 5.3.1+fabric-26.1
	- tectonic 3.0.22
	- terrablender 26.1.2.0.2
	- transcendingtrident 5.0
	- undergroundbeacons 1.1
	- universalenchants 26.1.0
	- visuality 0.7.13+26.1
	- vmp 0.2.0+beta.7.234+26.1.2
	   \-- com_ibm_async_asyncutil 0.1.0
	- voxy 0.2.16-beta
	   |-- org_apache_commons_commons-pool2 2.12.0
	   |-- org_lwjgl_lwjgl-lmdb 3.4.1
	   |-- org_lwjgl_lwjgl-lmdb_natives-linux 3.4.1
	   |-- org_lwjgl_lwjgl-lmdb_natives-windows 3.4.1
	   |-- org_lwjgl_lwjgl-zstd 3.4.1
	   |-- org_lwjgl_lwjgl-zstd_natives-linux 3.4.1
	   |-- org_lwjgl_lwjgl-zstd_natives-windows 3.4.1
	   |-- org_lz4_lz4-java 1.8.0
	   |-- org_rocksdb_rocksdbjni 10.2.1
	   |-- org_tukaani_xz 1.10
	   \-- redis_clients_jedis 5.1.0
	- worldedit 7.4.3+7515-78babeb
	   \-- worldeditcui_protocol 4.0.3
	- yet_another_config_lib_v3 3.9.3+26.1-fabric
	   |-- com_twelvemonkeys_common_common-image 3.12.0
	   |-- com_twelvemonkeys_common_common-io 3.12.0
	   |-- com_twelvemonkeys_common_common-lang 3.12.0
	   |-- com_twelvemonkeys_imageio_imageio-core 3.12.0
	   |-- com_twelvemonkeys_imageio_imageio-metadata 3.12.0
	   |-- com_twelvemonkeys_imageio_imageio-webp 3.12.0
	   |-- org_quiltmc_parsers_gson 0.2.1
	   \-- org_quiltmc_parsers_json 0.2.1
[09:52:46] [main/INFO]: SpongePowered MIXIN Subsystem Version=0.8.7 Source=file:/D:/.minecraft/libraries/net/fabricmc/sponge-mixin/0.17.2+mixin.0.8.7/sponge-mixin-0.17.2+mixin.0.8.7.jar Service=Knot/Fabric Env=CLIENT
[09:52:46] [main/INFO]: Compatibility level set to JAVA_17
[09:52:46] [main/INFO]: Compatibility level set to JAVA_25
[09:52:47] [main/WARN]: Reference map 'ambientsounds.mixins.refmap.json' for ambientsounds.mixins.json could not be read. If this is a development environment you can ignore this message
[09:52:47] [main/INFO]: Config version: 6
[09:52:47] [main/INFO]: BadOptimizations config dump:
[09:52:47] [main/INFO]: enable_toast_optimizations: true
[09:52:47] [main/INFO]: ignore_mod_incompatibilities: false
[09:52:47] [main/INFO]: lightmap_time_change_needed_for_update: 80
[09:52:47] [main/INFO]: enable_lightmap_caching: true
[09:52:47] [main/INFO]: enable_particle_manager_optimization: true
[09:52:47] [main/INFO]: enable_entity_renderer_caching: true
[09:52:47] [main/INFO]: log_config: true
[09:52:47] [main/INFO]: enable_remove_redundant_fov_calculations: true
[09:52:47] [main/INFO]: config_version: 6
[09:52:47] [main/INFO]: enable_sky_angle_caching_in_worldrenderer: true
[09:52:47] [main/INFO]: enable_block_entity_renderer_caching: true
[09:52:47] [main/INFO]: skycolor_time_change_needed_for_update: 3
[09:52:47] [main/INFO]: enable_entity_flag_caching: true
[09:52:47] [main/INFO]: ignore_mod_cache_hooks: false
[09:52:47] [main/INFO]: enable_debug_renderer_disable_if_not_needed: true
[09:52:47] [main/INFO]: enable_sky_color_caching: true
[09:52:47] [main/INFO]: enable_remove_tutorial_if_not_demo: true
[09:52:47] [main/INFO]: show_f3_text: true
[09:52:47] [main/WARN]: Reference map 'balm.refmap.json' for balm.mixins.json could not be read. If this is a development environment you can ignore this message
[09:52:47] [main/WARN]: Reference map 'balm.refmap.json' for balm.api.mixins.json could not be read. If this is a development environment you can ignore this message
[09:52:47] [main/WARN]: Reference map 'balm.refmap.json' for balm.fabric.mixins.json could not be read. If this is a development environment you can ignore this message
[09:52:47] [main/WARN]: Reference map 'biomesoplenty.refmap.json' for biomesoplenty.mixins.json could not be read. If this is a development environment you can ignore this message
[09:52:47] [main/WARN]: Reference map 'biomesoplenty.refmap.json' for biomesoplenty.fabric.mixins.json could not be read. If this is a development environment you can ignore this message
[09:52:47] [main/INFO]: Initializing com.ishland.c2me.base.mixin
[09:52:47] [main/INFO]: Global Executor Parallelism: 11 configured, 11 evaluated, 11 default evaluated
[09:52:47] [main/INFO]: Initializing com.ishland.c2me.client.uncapvd.mixin
[09:52:47] [main/INFO]: Initializing com.ishland.c2me.fixes.chunkio.threading_issues.mixin
[09:52:47] [main/INFO]: Initializing com.ishland.c2me.fixes.general.threading_issues.mixin
[09:52:47] [main/INFO]: Initializing com.ishland.c2me.fixes.worldgen.threading_issues.mixin
[09:52:47] [main/INFO]: Initializing com.ishland.c2me.fixes.worldgen.vanilla_bugs.mixin
[09:52:47] [main/INFO]: Initializing com.ishland.c2me.notickvd.mixin
[09:52:47] [main/INFO]: Initializing com.ishland.c2me.opts.allocs.mixin
[09:52:47] [main/INFO]: Initializing com.ishland.c2me.opts.chunkio.mixin
[09:52:47] [main/INFO]: Initializing com.ishland.c2me.opts.dfc.mixin
[09:52:47] [main/INFO]: Initializing com.ishland.c2me.opts.math.mixin
[09:52:47] [main/INFO]: Initializing com.ishland.c2me.opts.natives_math.mixin
[09:52:47] [main/INFO]: Attempting to call native library. If your game crashes right after this point, native acceleration may not be available for your system.
[09:52:47] [main/INFO]: Detected maximum supported ISA target: AVX2
[09:52:47] [main/INFO]: Initializing com.ishland.c2me.opts.scheduling.mixin
[09:52:47] [main/INFO]: Initializing com.ishland.c2me.opts.worldgen.general.mixin
[09:52:47] [main/INFO]: Initializing com.ishland.c2me.opts.worldgen.vanilla.mixin
[09:52:47] [main/INFO]: Initializing com.ishland.c2me.rewrites.chunk_serializer.mixin
[09:52:47] [main/INFO]: Disabling com.ishland.c2me.rewrites.chunk_serializer.mixin
[09:52:47] [main/INFO]: Initializing com.ishland.c2me.rewrites.chunksystem.mixin
[09:52:47] [main/INFO]: Initializing com.ishland.c2me.rewrites.chunkio.mixin
[09:52:47] [main/INFO]: Initializing com.ishland.c2me.server.utils.mixin
[09:52:47] [main/INFO]: Initializing com.ishland.c2me.threading.lighting.mixin
[09:52:47] [main/WARN]: Reference map 'chatanimation.refmap.json' for chatanimation.mixins.json could not be read. If this is a development environment you can ignore this message
[09:52:47] [main/WARN]: Reference map 'clienttweaks.refmap.json' for clienttweaks.mixins.json could not be read. If this is a development environment you can ignore this message
[09:52:47] [main/WARN]: Reference map 'clienttweaks.refmap.json' for clienttweaks.fabric.mixins.json could not be read. If this is a development environment you can ignore this message
[09:52:47] [main/WARN]: Reference map 'configured.refmap.json' for configured.fabric.mixins.json could not be read. If this is a development environment you can ignore this message
[09:52:47] [main/WARN]: Reference map 'creativecore.mixins.refmap.json' for creativecore.mixins.json could not be read. If this is a development environment you can ignore this message
[09:52:47] [main/WARN]: Reference map 'creativecore.mixins.refmap.json' for creativecore.fabric.mixins.json could not be read. If this is a development environment you can ignore this message
[09:52:47] [main/WARN]: Reference map 'do_a_barrel_roll.refmap.json' for do_a_barrel_roll.mixins.json could not be read. If this is a development environment you can ignore this message
[09:52:47] [main/WARN]: Reference map 'do_a_barrel_roll.refmap.json' for do_a_barrel_roll.compat.modmenu.mixins.json could not be read. If this is a development environment you can ignore this message
[09:52:47] [main/WARN]: Reference map 'drippyloadingscreen.refmap.json' for drippyloadingscreen.mixins.json could not be read. If this is a development environment you can ignore this message
[09:52:47] [main/WARN]: Reference map 'drippyloadingscreen.refmap.json' for drippyloadingscreen.fabric.mixins.json could not be read. If this is a development environment you can ignore this message
[09:52:47] [main/WARN]: Reference map 'entityculling.refmap.mixins.json' for entityculling.mixins.json could not be read. If this is a development environment you can ignore this message
[09:52:47] [main/WARN]: Reference map 'fancymenu.refmap.json' for fancymenu.mixins.json could not be read. If this is a development environment you can ignore this message
[09:52:47] [main/WARN]: Reference map 'framework.refmap.json' for framework.common.mixins.json could not be read. If this is a development environment you can ignore this message
[09:52:47] [main/WARN]: Reference map 'framework.refmap.json' for framework.fabric.mixins.json could not be read. If this is a development environment you can ignore this message
[09:52:47] [main/WARN]: Reference map 'glitchcore.refmap.json' for glitchcore.mixins.json could not be read. If this is a development environment you can ignore this message
[09:52:47] [main/WARN]: Reference map 'glitchcore.refmap.json' for glitchcore.fabric.mixins.json could not be read. If this is a development environment you can ignore this message
[09:52:47] [main/WARN]: Reference map 'iris.refmap.json' for mixins.iris.json could not be read. If this is a development environment you can ignore this message
[09:52:47] [main/WARN]: Reference map 'iris-fabric.refmap.json' for mixins.iris.fabric.json could not be read. If this is a development environment you can ignore this message
[09:52:47] [main/WARN]: Reference map 'iris.refmap.json' for mixins.iris.vertexformat.json could not be read. If this is a development environment you can ignore this message
[09:52:47] [main/WARN]: Reference map 'iris.refmap.json' for mixins.iris.bettermipmaps.json could not be read. If this is a development environment you can ignore this message
[09:52:47] [main/WARN]: Reference map 'iris.refmap.json' for mixins.iris.compat.sodium.json could not be read. If this is a development environment you can ignore this message
[09:52:47] [main/WARN]: Reference map 'iris.refmap.json' for mixins.iris.fixes.maxfpscrash.json could not be read. If this is a development environment you can ignore this message
[09:52:47] [main/WARN]: Reference map 'kuma_api.refmap.json' for kuma_api.mixins.json could not be read. If this is a development environment you can ignore this message
[09:52:47] [main/WARN]: Reference map 'kuma_api.refmap.json' for kuma_api.fabric.mixins.json could not be read. If this is a development environment you can ignore this message
[09:52:47] [main/INFO]: Loaded configuration file for Lithium: 168 options available, 2 override(s) found.
[09:52:47] [main/WARN]: Reference map 'lsdc.refmap.json' for lsdc.mixins.json could not be read. If this is a development environment you can ignore this message
[09:52:47] [main/WARN]: Reference map 'mcwifipnp-refmap.json' for mcwifipnp.mixins.json could not be read. If this is a development environment you can ignore this message
[09:52:47] [main/WARN]: Reference map 'reeses-sodium-options.refmap.json' for reeses-sodium-options.mixins.json could not be read. If this is a development environment you can ignore this message
[09:52:47] [main/WARN]: Reference map 'refurbished_furniture.refmap.json' for refurbished_furniture.fabric.mixins.json could not be read. If this is a development environment you can ignore this message
[09:52:47] [main/WARN]: Reference map 'refurbished_furniture.refmap.json' for refurbished_furniture.common.mixins.json could not be read. If this is a development environment you can ignore this message
[09:52:47] [main/WARN]: Reference map 'sclp.refmap.json' for sclp.mixins.json could not be read. If this is a development environment you can ignore this message
[09:52:47] [main/INFO]: Loaded configuration file for Sodium: 36 options available, 1 override(s) found
[09:52:47] [main/INFO]: Loaded configuration file for Sodium Extra: 26 options available, 0 override(s) found
[09:52:47] [main/WARN]: Reference map 'sspb.refmap.json' for sspb.mixins.json could not be read. If this is a development environment you can ignore this message
[09:52:47] [main/WARN]: Reference map 'superfastmath.refmap.json' for superfastmath.mixins.json could not be read. If this is a development environment you can ignore this message
[09:52:47] [main/INFO]: Successfully started async appender with [SysOut, ServerGuiConsole, Tracy, File]
[09:52:47] [main/WARN]: Reference map 'yet_another_config_lib_v3.refmap.json' for yacl.mixins.json could not be read. If this is a development environment you can ignore this message
[09:52:47] [main/WARN]: Reference map 'yet_another_config_lib_v3.refmap.json' for yacl-fabric.mixins.json could not be read. If this is a development environment you can ignore this message
[09:52:47] [main/WARN]: Error loading class: net/vulkanmod/config/option/Options (java.lang.ClassNotFoundException: net/vulkanmod/config/option/Options)
[09:52:48] [main/WARN]: Force disabled MC-122477 because it only applies to OS: LINUX
[09:52:48] [main/WARN]: Error loading class: dev/zelo/renderscale/RenderScale (java.lang.ClassNotFoundException: dev/zelo/renderscale/RenderScale)
[09:52:48] [main/INFO]: Force-disabling mixin 'alloc.chunk_random.LevelMixin' as rule 'mixin.alloc.chunk_random' (added by mods [async]) disables it and children
[09:52:48] [main/INFO]: Force-disabling mixin 'alloc.chunk_random.ServerLevelMixin' as rule 'mixin.alloc.chunk_random' (added by mods [async]) disables it and children
[09:52:48] [main/INFO]: Force-enabling mixin 'compat.worldedit.LevelChunkMixin' as rule 'mixin.compat.worldedit' (added by mods [lithium]) enables it
[09:52:49] [main/WARN]: Force-disabling mixin 'features.render.world.sky.LevelRendererMixin' as rule 'mixin.features.render.world.sky' (added by mods [iris]) disables it and children
[09:52:49] [main/WARN]: Error loading class: net/strobel/inventive_inventory/features/sorting/SortingHandler (java.lang.ClassNotFoundException: net/strobel/inventive_inventory/features/sorting/SortingHandler)
[09:52:49] [main/WARN]: Error loading class: de/rubixdev/inventorio/player/InventorioScreenHandler (java.lang.ClassNotFoundException: de/rubixdev/inventorio/player/InventorioScreenHandler)
[09:52:49] [main/WARN]: Error loading class: net/blay09/mods/trashslot/client/deletion/DefaultDeletionProvider (java.lang.ClassNotFoundException: net/blay09/mods/trashslot/client/deletion/DefaultDeletionProvider)
[09:52:49] [main/WARN]: Error loading class: com/moulberry/flashback/record/FlashbackMeta (java.lang.ClassNotFoundException: com/moulberry/flashback/record/FlashbackMeta)
[09:52:49] [main/WARN]: @Mixin target com.moulberry.flashback.record.FlashbackMeta was not found client.voxy.mixins.json:flashback.MixinFlashbackMeta from mod voxy
[09:52:49] [main/WARN]: Error loading class: com/moulberry/flashback/record/Recorder (java.lang.ClassNotFoundException: com/moulberry/flashback/record/Recorder)
[09:52:49] [main/WARN]: @Mixin target com.moulberry.flashback.record.Recorder was not found client.voxy.mixins.json:flashback.MixinFlashbackRecorder from mod voxy
[09:52:49] [main/WARN]: Error loading class: me/cortex/nvidium/RenderPipeline (java.lang.ClassNotFoundException: me/cortex/nvidium/RenderPipeline)
[09:52:49] [main/WARN]: @Mixin target me.cortex.nvidium.RenderPipeline was not found client.voxy.mixins.json:nvidium.MixinRenderPipeline from mod voxy
[09:52:49] [main/INFO]: Searching for graphics cards...
[09:52:50] [main/INFO]: Found graphics adapter: AdapterInfo{vendor=NVIDIA, description='NVIDIA GeForce RTX 4070', adapterType=0x0000031B, openglIcdFilePath='C:\Windows\System32\DriverStore\FileRepository\nv_dispi.inf_amd64_b7cca8360c0d57e9\nvoglv64.dll', openglIcdVersion=32.0.15.9649}
[09:52:50] [main/WARN]: Sodium has applied one or more workarounds to prevent crashes or other issues on your system: [NVIDIA_THREADED_OPTIMIZATIONS_BROKEN]
[09:52:50] [main/WARN]: This is not necessarily an issue, but it may result in certain features or optimizations being disabled. You can sometimes fix these issues by upgrading your graphics driver.
[09:52:50] [main/INFO]: Initializing MixinExtras via com.llamalad7.mixinextras.service.MixinExtrasServiceImpl(version=0.5.4).
[09:52:52] [main/INFO]: EuphoriaPatcher: [UPDATE CHECKER] The EuphoriaPatcher Mod is up to date
[09:52:52] [main/WARN]: Method overwrite conflict for sin in superfastmath.mixins.json:MathMixin from mod superfastmath, previously written by net.caffeinemc.mods.lithium.mixin.math.sine_lut.MthMixin. Skipping method.
[09:52:52] [main/WARN]: Method overwrite conflict for cos in superfastmath.mixins.json:MathMixin from mod superfastmath, previously written by net.caffeinemc.mods.lithium.mixin.math.sine_lut.MthMixin. Skipping method.
[09:52:53] [main/INFO]: EuphoriaPatcher: Somebody that we used to know...
[09:52:53] [main/INFO]: EuphoriaPatcher: EuphoriaPatches_1.9.2 is already installed.
[09:52:55] [main/WARN]: Cancelled mixin com.ishland.c2me.fixes.worldgen.threading_issues.mixin.threading_detections.random_instances.MixinWorld. Check debug logs for more information.
[09:52:55] [Datafixer Bootstrap/INFO]: 291 Datafixer optimizations took 1517 milliseconds
[09:53:04] [Render thread/INFO]: Environment: Environment[sessionHost=https://sessionserver.mojang.com, servicesHost=https://api.minecraftservices.com, profilesHost=https://api.mojang.com, name=PROD]
[09:53:04] [Render thread/INFO]: Setting user: 366862732
[09:53:04] [Render thread/INFO]: Almanac Fabric config reloaded, cache cleared
[09:53:04] [Render thread/INFO]: Almanac Fabric config initialized
[09:53:04] [Render thread/INFO]: Almanac initialized
[09:53:04] [Render thread/INFO]: Initializing Async...
[09:53:04] [Render thread/INFO]: Initializing Async Config...
[09:53:04] [Render thread/INFO]: Configuration saved.
[09:53:04] [Render thread/INFO]: Configuration loaded.
[09:53:04] [Render thread/INFO]: Async Initialized Successfully!
[09:53:04] [Render thread/INFO]: Loading Collective version 8.22.
[09:53:05] [Render thread/INFO]: Enabled 97 bug fixes: [MC-577, MC-4490, MC-7569, MC-8187, MC-30391, MC-35361, MC-44654, MC-46737, MC-46766, MC-57057, MC-79545, MC-80859, MC-82263, MC-84661, MC-88371, MC-89146, MC-90683, MC-93018, MC-93384, MC-94054, MC-100991, MC-105068, MC-115092, MC-116379, MC-118740, MC-119754, MC-121706, MC-121903, MC-122477, MC-122627, MC-123450, MC-127970, MC-129909, MC-131562, MC-132878, MC-133218, MC-134110, MC-136249, MC-139041, MC-143474, MC-147659, MC-153010, MC-155509, MC-158900, MC-159163, MC-159283, MC-160095, MC-165306, MC-165381, MC-168573, MC-170462, MC-176559, MC-176806, MC-177381, MC-179072, MC-183990, MC-187100, MC-188359, MC-197260, MC-200418, MC-201374, MC-202637, MC-206540, MC-206922, MC-210318, MC-211561, MC-215530, MC-215531, MC-217716, MC-221257, MC-223153, MC-224729, MC-226961, MC-227008, MC-227337, MC-231097, MC-231743, MC-232869, MC-237493, MC-242809, MC-245394, MC-251068, MC-259512, MC-263999, MC-264285, MC-264979, MC-267125, MC-267376, MC-268420, MC-268617, MC-271899, MC-272431, MC-280220, MC-297837, MC-298066, MC-298225, MC-298558]
[09:53:05] [Render thread/INFO]: Successfully Debugify'd your game!
[09:53:05] [Render thread/INFO]: [DRIPPY LOADING SCREEN] Loading v3.1.3 in client-side mode on FABRIC!
[09:53:05] [Render thread/INFO]: Constructing components for easymagic:common
[09:53:05] [Render thread/INFO]: Dispatching loading event for config easymagic-client.toml
[09:53:06] [Render thread/INFO]: [FANCYMENU] Loading v3.9.1 in client-side mode on FABRIC!
[09:53:06] [Render thread/INFO]: Loaded config farmersdelight-common.json
[09:53:06] [Render thread/INFO]: Loaded config farmersdelight-client.json
[09:53:06] [Render thread/INFO]: Constructing components for fastitemframes:common
[09:53:06] [Render thread/INFO]: Dispatching loading event for config fastitemframes-client.toml
[09:53:06] [Render thread/INFO]: Reflections took 256 ms to scan 2 urls, producing 9 keys and 133 values
[09:53:07] [Render thread/INFO]: Sodium: [0.8.12+mc26.1.2], Iris: [1.10.9+mc26.1.1]
[09:53:07] [Render thread/INFO]: Assigning MaLiLib Pipelines to Iris Programs:
[09:53:07] [Render thread/WARN]: Found okay program match for malilib:pipeline/position_color/translucent/no_depth/no_cull: BASIC_COLOR
[09:53:07] [Render thread/WARN]: Found okay program match for malilib:pipeline/position_color/translucent/no_depth: BASIC_COLOR
[09:53:07] [Render thread/WARN]: Found okay program match for malilib:pipeline/position_color/translucent/lequal_depth/offset_1: BASIC_COLOR
[09:53:07] [Render thread/WARN]: Found okay program match for malilib:pipeline/position_color/translucent/lequal_depth/offset_2: BASIC_COLOR
[09:53:07] [Render thread/WARN]: Found okay program match for malilib:pipeline/position_color/translucent/lequal_depth/offset_3: BASIC_COLOR
[09:53:07] [Render thread/WARN]: Found okay program match for malilib:pipeline/position_color/translucent/lequal_depth/no_cull: BASIC_COLOR
[09:53:07] [Render thread/WARN]: Found okay program match for malilib:pipeline/position_color/translucent/lequal_depth: BASIC_COLOR
[09:53:07] [Render thread/WARN]: Found okay program match for malilib:pipeline/position_color/translucent/depth_mask: BASIC_COLOR
[09:53:07] [Render thread/WARN]: Found okay program match for malilib:pipeline/position_color/translucent: BASIC_COLOR
[09:53:07] [Render thread/WARN]: Found okay program match for malilib:pipeline/position_color/masa/no_depth/no_cull: BASIC_COLOR
[09:53:07] [Render thread/WARN]: Found okay program match for malilib:pipeline/position_color/masa/no_depth: BASIC_COLOR
[09:53:07] [Render thread/WARN]: Found okay program match for malilib:pipeline/position_color/masa/lequal_depth/offset_1: BASIC_COLOR
[09:53:07] [Render thread/WARN]: Found okay program match for malilib:pipeline/position_color/masa/lequal_depth/offset_2: BASIC_COLOR
[09:53:07] [Render thread/WARN]: Found okay program match for malilib:pipeline/position_color/masa/lequal_depth/offset_3: BASIC_COLOR
[09:53:07] [Render thread/WARN]: Found okay program match for malilib:pipeline/position_color/masa/lequal_depth/no_cull: BASIC_COLOR
[09:53:07] [Render thread/WARN]: Found okay program match for malilib:pipeline/position_color/masa/lequal_depth: BASIC_COLOR
[09:53:07] [Render thread/WARN]: Found okay program match for malilib:pipeline/position_color/masa/depth_mask: BASIC_COLOR
[09:53:07] [Render thread/WARN]: Found okay program match for malilib:pipeline/position_color/masa: BASIC_COLOR
[09:53:07] [Render thread/WARN]: Found okay program match for malilib:pipeline/text_plate/no_depth: BASIC_COLOR
[09:53:07] [Render thread/WARN]: Found okay program match for malilib:pipeline/text_plate: BASIC_COLOR
[09:53:07] [Render thread/WARN]: Found okay program match for malilib:pipeline/minihud/shape/no_depth/offset: BASIC_COLOR
[09:53:07] [Render thread/WARN]: Found okay program match for malilib:pipeline/minihud/shape/no_depth: BASIC_COLOR
[09:53:07] [Render thread/WARN]: Found okay program match for malilib:pipeline/minihud/shape/offset/no_cull: BASIC_COLOR
[09:53:07] [Render thread/WARN]: Found okay program match for malilib:pipeline/minihud/shape/offset: BASIC_COLOR
[09:53:07] [Render thread/WARN]: Found okay program match for malilib:pipeline/minihud/shape/no_cull: BASIC_COLOR
[09:53:07] [Render thread/WARN]: Found okay program match for malilib:pipeline/minihud/shape: BASIC_COLOR
[09:53:07] [Render thread/WARN]: Found *decent* program match for malilib:pipeline/position_color_lines/translucent/no_depth/no_cull: LINES
[09:53:07] [Render thread/WARN]: Found *decent* program match for malilib:pipeline/position_color_lines/translucent/no_depth: LINES
[09:53:07] [Render thread/WARN]: Found *decent* program match for malilib:pipeline/position_color_lines/translucent/lequal_depth/offset_1: LINES
[09:53:07] [Render thread/WARN]: Found *decent* program match for malilib:pipeline/position_color_lines/translucent/lequal_depth/offset_2: LINES
[09:53:07] [Render thread/WARN]: Found *decent* program match for malilib:pipeline/position_color_lines/translucent/lequal_depth/offset_3: LINES
[09:53:07] [Render thread/WARN]: Found *decent* program match for malilib:pipeline/position_color_lines/translucent/lequal_depth/no_cull: LINES
[09:53:07] [Render thread/WARN]: Found *decent* program match for malilib:pipeline/position_color_lines/translucent/lequal_depth: LINES
[09:53:07] [Render thread/WARN]: Found *decent* program match for malilib:pipeline/position_color_lines/translucent: LINES
[09:53:07] [Render thread/WARN]: Found *decent* program match for malilib:pipeline/position_color_lines/masa/no_depth/no_cull: LINES
[09:53:07] [Render thread/WARN]: Found *decent* program match for malilib:pipeline/position_color_lines/masa/no_depth: LINES
[09:53:07] [Render thread/WARN]: Found *decent* program match for malilib:pipeline/position_color_lines/masa/lequal_depth/offset_1: LINES
[09:53:07] [Render thread/WARN]: Found *decent* program match for malilib:pipeline/position_color_lines/masa/lequal_depth/offset_2: LINES
[09:53:07] [Render thread/WARN]: Found *decent* program match for malilib:pipeline/position_color_lines/masa/lequal_depth/offset_3: LINES
[09:53:07] [Render thread/WARN]: Found *decent* program match for malilib:pipeline/position_color_lines/masa/lequal_depth/no_cull: LINES
[09:53:07] [Render thread/WARN]: Found *decent* program match for malilib:pipeline/position_color_lines/masa/lequal_depth: LINES
[09:53:07] [Render thread/WARN]: Found *decent* program match for malilib:pipeline/position_color_lines/masa: LINES
[09:53:07] [Render thread/WARN]: Found *decent* program match for malilib:pipeline/minihud/shape_lines/no_depth/offset: LINES
[09:53:07] [Render thread/WARN]: Found *decent* program match for malilib:pipeline/minihud/shape_lines/no_depth: LINES
[09:53:07] [Render thread/WARN]: Found *decent* program match for malilib:pipeline/minihud/shape_lines/offset/no_cull: LINES
[09:53:07] [Render thread/WARN]: Found *decent* program match for malilib:pipeline/minihud/shape_lines/offset: LINES
[09:53:07] [Render thread/WARN]: Found *decent* program match for malilib:pipeline/minihud/shape_lines/no_cull: LINES
[09:53:07] [Render thread/WARN]: Found *decent* program match for malilib:pipeline/minihud/shape_lines: LINES
[09:53:07] [Render thread/WARN]: Found okay program match for malilib:pipeline/position_tex_color/translucent/no_depth/no_cull: TEXTURED_COLOR
[09:53:07] [Render thread/WARN]: Found okay program match for malilib:pipeline/position_tex_color/translucent/no_depth: TEXTURED_COLOR
[09:53:07] [Render thread/WARN]: Found okay program match for malilib:pipeline/position_tex_color/translucent/lequal_depth/offset_1: TEXTURED_COLOR
[09:53:07] [Render thread/WARN]: Found okay program match for malilib:pipeline/position_tex_color/translucent/lequal_depth/offset_2: TEXTURED_COLOR
[09:53:07] [Render thread/WARN]: Found okay program match for malilib:pipeline/position_tex_color/translucent/lequal_depth/offset_3: TEXTURED_COLOR
[09:53:07] [Render thread/WARN]: Found okay program match for malilib:pipeline/position_tex_color/translucent/lequal_depth/no_cull: TEXTURED_COLOR
[09:53:07] [Render thread/WARN]: Found okay program match for malilib:pipeline/position_tex_color/translucent/lequal_depth: TEXTURED_COLOR
[09:53:07] [Render thread/WARN]: Found okay program match for malilib:pipeline/position_tex_color/translucent/depth_mask: TEXTURED_COLOR
[09:53:07] [Render thread/WARN]: Found okay program match for malilib:pipeline/position_tex_color/translucent: TEXTURED_COLOR
[09:53:07] [Render thread/WARN]: Found okay program match for malilib:pipeline/position_tex_color/masa/no_depth/no_cull: TEXTURED_COLOR
[09:53:07] [Render thread/WARN]: Found okay program match for malilib:pipeline/position_tex_color/masa/no_depth: TEXTURED_COLOR
[09:53:07] [Render thread/WARN]: Found okay program match for malilib:pipeline/position_tex_color/masa/lequal_depth/offset_1: TEXTURED_COLOR
[09:53:07] [Render thread/WARN]: Found okay program match for malilib:pipeline/position_tex_color/masa/lequal_depth/offset_2: TEXTURED_COLOR
[09:53:07] [Render thread/WARN]: Found okay program match for malilib:pipeline/position_tex_color/masa/lequal_depth/offset_3: TEXTURED_COLOR
[09:53:07] [Render thread/WARN]: Found okay program match for malilib:pipeline/position_tex_color/masa/lequal_depth/no_cull: TEXTURED_COLOR
[09:53:07] [Render thread/WARN]: Found okay program match for malilib:pipeline/position_tex_color/masa/lequal_depth: TEXTURED_COLOR
[09:53:07] [Render thread/WARN]: Found okay program match for malilib:pipeline/position_tex_color/masa/depth_mask: TEXTURED_COLOR
[09:53:07] [Render thread/WARN]: Found okay program match for malilib:pipeline/position_tex_color/masa: TEXTURED_COLOR
[09:53:07] [Render thread/WARN]: Found *decent* program match for malilib:pipeline/debug_lines/translucent/no_depth/no_cull: LINES
[09:53:07] [Render thread/WARN]: Found *decent* program match for malilib:pipeline/debug_lines/translucent/no_depth: LINES
[09:53:07] [Render thread/WARN]: Found *decent* program match for malilib:pipeline/debug_lines/translucent/no_cull: LINES
[09:53:07] [Render thread/WARN]: Found *decent* program match for malilib:pipeline/debug_lines/translucent/lequal_depth: LINES
[09:53:07] [Render thread/WARN]: Found *decent* program match for malilib:pipeline/debug_lines/translucent/offset_1: LINES
[09:53:07] [Render thread/WARN]: Found *decent* program match for malilib:pipeline/debug_lines/translucent/offset_2: LINES
[09:53:07] [Render thread/WARN]: Found *decent* program match for malilib:pipeline/debug_lines/translucent/offset_3: LINES
[09:53:07] [Render thread/WARN]: Found *decent* program match for malilib:pipeline/debug_lines/translucent: LINES
[09:53:07] [Render thread/WARN]: Found *decent* program match for malilib:pipeline/debug_lines/masa_simple/no_depth/no_cull: LINES
[09:53:07] [Render thread/WARN]: Found *decent* program match for malilib:pipeline/debug_lines/masa_simple/no_depth: LINES
[09:53:07] [Render thread/WARN]: Found *decent* program match for malilib:pipeline/debug_lines/masa_simple/no_cull: LINES
[09:53:07] [Render thread/WARN]: Found *decent* program match for malilib:pipeline/debug_lines/masa_simple/lequal_depth: LINES
[09:53:07] [Render thread/WARN]: Found *decent* program match for malilib:pipeline/debug_lines/masa_simple/offset_1: LINES
[09:53:07] [Render thread/WARN]: Found *decent* program match for malilib:pipeline/debug_lines/masa_simple/offset_2: LINES
[09:53:07] [Render thread/WARN]: Found *decent* program match for malilib:pipeline/debug_lines/masa_simple/offset_3: LINES
[09:53:07] [Render thread/WARN]: Found *decent* program match for malilib:pipeline/debug_lines/masa_simple: LINES
[09:53:07] [Render thread/WARN]: Found *decent* program match for malilib:pipeline/debug_line_strip/translucent/no_depth/no_cull: LINES
[09:53:07] [Render thread/WARN]: Found *decent* program match for malilib:pipeline/debug_line_strip/translucent/no_depth: LINES
[09:53:07] [Render thread/WARN]: Found *decent* program match for malilib:pipeline/debug_line_strip/translucent/no_cull: LINES
[09:53:07] [Render thread/WARN]: Found *decent* program match for malilib:pipeline/debug_line_strip/translucent/offset_1: LINES
[09:53:07] [Render thread/WARN]: Found *decent* program match for malilib:pipeline/debug_line_strip/translucent/offset_2: LINES
[09:53:07] [Render thread/WARN]: Found *decent* program match for malilib:pipeline/debug_line_strip/translucent/offset_3: LINES
[09:53:07] [Render thread/WARN]: Found *decent* program match for malilib:pipeline/debug_line_strip/translucent: LINES
[09:53:07] [Render thread/WARN]: Found *decent* program match for malilib:pipeline/debug_line_strip/masa_simple/no_depth/no_cull: LINES
[09:53:07] [Render thread/WARN]: Found *decent* program match for malilib:pipeline/debug_line_strip/masa_simple/no_depth: LINES
[09:53:07] [Render thread/WARN]: Found *decent* program match for malilib:pipeline/debug_line_strip/masa_simple/no_cull: LINES
[09:53:07] [Render thread/WARN]: Found *decent* program match for malilib:pipeline/debug_line_strip/masa_simple/offset_1: LINES
[09:53:07] [Render thread/WARN]: Found *decent* program match for malilib:pipeline/debug_line_strip/masa_simple/offset_2: LINES
[09:53:07] [Render thread/WARN]: Found *decent* program match for malilib:pipeline/debug_line_strip/masa_simple/offset_3: LINES
[09:53:07] [Render thread/WARN]: Found *decent* program match for malilib:pipeline/debug_line_strip/masa_simple: LINES
[09:53:07] [Render thread/WARN]: Found okay program match for malilib:pipeline/gui_overlay: BASIC_COLOR
[09:53:07] [Render thread/WARN]: Found okay program match for malilib:pipeline/gui_textured_overlay: TEXTURED_COLOR
[09:53:07] [Render thread/WARN]: Found *decent* program match for malilib:pipeline/solid_terrain: TERRAIN_SOLID
[09:53:07] [Render thread/WARN]: Found *decent* program match for malilib:pipeline/wireframe: LINES
[09:53:07] [Render thread/WARN]: Found fine program match for malilib:pipeline/cutout_terrain: TERRAIN_CUTOUT
[09:53:07] [Render thread/WARN]: Found *decent* program match for malilib:pipeline/solid_terrain/offset: TERRAIN_SOLID
[09:53:07] [Render thread/WARN]: Found *decent* program match for malilib:pipeline/wireframe/offset: LINES
[09:53:07] [Render thread/WARN]: Found fine program match for malilib:pipeline/cutout_terrain/offset: TERRAIN_CUTOUT
[09:53:07] [Render thread/WARN]: Found *decent* program match for malilib:pipeline/translucent: TERRAIN_TRANSLUCENT
[09:53:07] [Render thread/WARN]: Found *decent* program match for malilib:pipeline/translucent/offset: TERRAIN_TRANSLUCENT
[09:53:07] [Render thread/WARN]: Found *decent* program match for malilib:pipeline/solid_block/masa: MOVING_BLOCK
[09:53:07] [Render thread/WARN]: Found fine program match for malilib:pipeline/cutout_block/masa: TERRAIN_CUTOUT
[09:53:07] [Render thread/WARN]: Found *decent* program match for malilib:pipeline/solid_block/offset: MOVING_BLOCK
[09:53:07] [Render thread/WARN]: Found fine program match for malilib:pipeline/cutout_block/offset: TERRAIN_CUTOUT
[09:53:07] [Render thread/WARN]: Found fine program match for malilib:pipeline/translucent_block: TEXT_BE
[09:53:07] [Render thread/WARN]: Found fine program match for malilib:pipeline/translucent_block/offset: TEXT_BE
[09:53:07] [Render thread/WARN]: Found *decent* program match for malilib:pipeline/legacy/solid: TERRAIN_SOLID
[09:53:07] [Render thread/WARN]: Found *decent* program match for malilib:pipeline/legacy/wireframe: LINES
[09:53:07] [Render thread/WARN]: Found fine program match for malilib:pipeline/legacy/cutout: TERRAIN_CUTOUT
[09:53:07] [Render thread/WARN]: Found *decent* program match for malilib:pipeline/legacy/solid/masa/offset: TERRAIN_SOLID
[09:53:07] [Render thread/WARN]: Found *decent* program match for malilib:pipeline/legacy/wireframe/offset: LINES
[09:53:07] [Render thread/WARN]: Found fine program match for malilib:pipeline/legacy/cutout/offset: TERRAIN_CUTOUT
[09:53:07] [Render thread/WARN]: Found *decent* program match for malilib:pipeline/legacy/translucent: TERRAIN_TRANSLUCENT
[09:53:07] [Render thread/WARN]: Found *decent* program match for malilib:pipeline/legacy/translucent/offset: TERRAIN_TRANSLUCENT
[09:53:07] [Render thread/INFO]: Registered synced data key refurbished_furniture:lock_yaw for refurbished_furniture:seat
[09:53:08] [Render thread/INFO]: [KONKRETE] Loading v1.10.2 in client-side mode on FABRIC!
[09:53:08] [Render thread/INFO]: [KONKRETE] Server-side modules initialized and ready to use!
[09:53:08] [Render thread/INFO]: Compression will use Java, encryption will use Java
[09:53:10] [Render thread/INFO]: [MELODY] Loading v1.0.16 on FABRIC...
[09:53:10] [Render thread/INFO]: Packet Fixer 3.3.5 Fabric has been initialized!
[09:53:10] [Render thread/INFO]: Constructing components for pickupnotifier:common
[09:53:10] [Render thread/INFO]: Dispatching loading event for config pickupnotifier-client.toml
[09:53:10] [Render thread/INFO]: Constructing components for puzzleslib:common
[09:53:10] [Render thread/INFO]: [ShulkerBoxTooltip] Could not find configuration file, creating default file
[09:53:10] [Render thread/INFO]: SuperFastMath initialized
[09:53:10] [Render thread/INFO]: Registered region minecraft:overworld to index 0 for type OVERWORLD
[09:53:10] [Render thread/INFO]: Registered region minecraft:nether to index 0 for type NETHER
[09:53:10] [Render thread/INFO]: Registered region biomesoplenty:overworld_primary to index 1 for type OVERWORLD
[09:53:10] [Render thread/INFO]: Registered region biomesoplenty:overworld_secondary to index 2 for type OVERWORLD
[09:53:10] [Render thread/INFO]: Registered region biomesoplenty:overworld_rare to index 3 for type OVERWORLD
[09:53:10] [Render thread/INFO]: Registered region biomesoplenty:nether_common to index 1 for type NETHER
[09:53:10] [Render thread/INFO]: Registered region biomesoplenty:nether_rare to index 2 for type NETHER
[09:53:10] [Render thread/INFO]: Constructing components for universalenchants:common
[09:53:10] [Render thread/INFO]: [me.cx.vy.cn.cg.Serialization]: Registered Config as RocksDB for config type StorageConfig
[09:53:10] [Render thread/INFO]: [me.cx.vy.cn.cg.Serialization]: Registered Config as Redis for config type StorageConfig
[09:53:10] [Render thread/INFO]: [me.cx.vy.cn.cg.Serialization]: Registered Config as ReadonlyCachingLayer for config type StorageConfig
[09:53:10] [Render thread/INFO]: [me.cx.vy.cn.cg.Serialization]: Registered Config2 as AutoFragmentationAdaptor for config type StorageConfig
[09:53:10] [Render thread/INFO]: [me.cx.vy.cn.cg.Serialization]: Registered Config as FragmentationAdaptor for config type StorageConfig
[09:53:10] [Render thread/INFO]: [me.cx.vy.cn.cg.Serialization]: Registered ConditionalStorageBackendConfig as ConditionalConfig for config type StorageConfig
[09:53:10] [Render thread/INFO]: [me.cx.vy.cn.cg.Serialization]: Registered Config as CompressionAdaptor for config type StorageConfig
[09:53:10] [Render thread/INFO]: [me.cx.vy.cn.cg.Serialization]: Registered BasicPathInsertionConfig as BasicPathConfig for config type StorageConfig
[09:53:10] [Render thread/INFO]: [me.cx.vy.cn.cg.Serialization]: Registered Config as LMDB for config type StorageConfig
[09:53:10] [Render thread/INFO]: [me.cx.vy.cn.cg.Serialization]: Registered Config as Memory for config type StorageConfig
[09:53:10] [Render thread/INFO]: [me.cx.vy.cn.cg.Serialization]: Registered Config as Serializer for config type SectionStorageConfig
[09:53:10] [Render thread/INFO]: [me.cx.vy.cn.cg.Serialization]: Registered Config as ZSTD for config type CompressorConfig
[09:53:10] [Render thread/INFO]: [me.cx.vy.cn.cg.Serialization]: Registered Config as LZ4 for config type CompressorConfig
[09:53:10] [Render thread/INFO]: [me.cx.vy.cn.cg.Serialization]: Registered 13 config types
[09:53:10] [Render thread/INFO]: Got request to register class com.sk89q.worldedit.fabric.internal.FabricPlatform with WorldEdit [com.sk89q.worldedit.extension.platform.PlatformManager@38a360e9]
[09:53:10] [Render thread/INFO]: WorldEdit for Fabric (version 7.4.3+7515-78babeb) is loaded
[09:53:11] [Render thread/INFO]: [BetterGrassify] [FANCY] Gamers can finally touch grass!?
[09:53:11] [Render thread/INFO]: Initializing 'betterstats' as 'BetterStatsFabricClient'.
[09:53:11] [Render thread/INFO]: Initializing mod...
[09:53:11] [Render thread/INFO]: Extracting and loading library for Windows 11 / amd64
[09:53:11] [Render thread/INFO]: Writing native library to D:\.minecraft\versions\xiaozi craft 26.1.2\caxton_impl.dll
[09:53:11] [Render thread/INFO]: [STDERR]: {char=b1, double=d8, wchar_t=c2, bool=z1, int16_t=s2, size_t=j8, long long=j8, jbyte=b1, jchar=c2, int32_t=i4, long=i4, float=f4, short=s2, int=i4, int64_t=j8, jdouble=d8, int8_t=b1, jfloat=f4, jint=i4, jboolean=z1, jlong=j8, void*=a8, jshort=s2}
[09:53:11] [Render thread/INFO]: caxton-impl version: 1.0.0-alpha.1
[09:53:11] [Render thread/INFO]: Registering built-in resource packs
[09:53:11] [Render thread/INFO]: Registering core shaders
[09:53:11] [Render thread/INFO]: Chat Impressive Animation is loaded!
[09:53:11] [Render thread/INFO]: Successfully loaded config provider: net.blay09.mods.balm.platform.compatibility.config.internal.ConfiguredConfigProvider
[09:53:11] [Render thread/INFO]: Successfully loaded config provider: com.mrcrayfish.configured.impl.framework.FrameworkConfigProvider
[09:53:11] [Render thread/ERROR]: Failed to load config provider from mod: configured
java.lang.ClassNotFoundException: com.mrcrayfish.configured.impl.jei.JeiConfigProvider
	at java.base/jdk.internal.loader.BuiltinClassLoader.loadClass(BuiltinClassLoader.java:580)
	at java.base/java.lang.ClassLoader.loadClass(ClassLoader.java:502)
	at net.fabricmc.loader.impl.launch.knot.KnotClassDelegate.loadClass(KnotClassDelegate.java:239)
	at net.fabricmc.loader.impl.launch.knot.KnotClassLoader.loadClass(KnotClassLoader.java:119)
	at java.base/java.lang.ClassLoader.loadClass(ClassLoader.java:502)
	at java.base/java.lang.Class.forName0(Native Method)
	at java.base/java.lang.Class.forName(Class.java:478)
	at java.base/java.lang.Class.forName(Class.java:468)
	at knot//com.mrcrayfish.configured.platform.FabricConfigHelper.createProviderInstance(FabricConfigHelper.java:91)
	at knot//com.mrcrayfish.configured.platform.FabricConfigHelper.readProvider(FabricConfigHelper.java:73)
	at knot//com.mrcrayfish.configured.platform.FabricConfigHelper.lambda$readProviders$1(FabricConfigHelper.java:57)
	at java.base/java.lang.Iterable.forEach(Iterable.java:75)
	at knot//com.mrcrayfish.configured.platform.FabricConfigHelper.lambda$readProviders$0(FabricConfigHelper.java:57)
	at java.base/java.util.ArrayList.forEach(ArrayList.java:1612)
	at java.base/java.util.Collections$UnmodifiableCollection.forEach(Collections.java:1120)
	at knot//com.mrcrayfish.configured.platform.FabricConfigHelper.readProviders(FabricConfigHelper.java:45)
	at knot//com.mrcrayfish.configured.platform.FabricConfigHelper.getProviders(FabricConfigHelper.java:33)
	at knot//com.mrcrayfish.configured.client.ClientHandler.init(ClientHandler.java:30)
	at knot//com.mrcrayfish.configured.client.ClientConfigured.onInitializeClient(ClientConfigured.java:24)
	at net.fabricmc.loader.impl.FabricLoaderImpl.invokeEntrypoints(FabricLoaderImpl.java:405)
	at net.fabricmc.loader.impl.game.minecraft.Hooks.startClient(Hooks.java:53)
	at knot//fudge.notenoughcrashes.fabric.mixinhandlers.ModLoaders.fabricEntrypoints(ModLoaders.java:9)
	at knot//net.minecraft.client.Minecraft.redirect$gbg000$notenoughcrashes$catchFabricInit(Minecraft.java:28356)
	at knot//net.minecraft.client.Minecraft.<init>(Minecraft.java:477)
	at knot//net.minecraft.client.main.Main.main(Main.java:232)
	at net.fabricmc.loader.impl.game.minecraft.MinecraftGameProvider.launch(MinecraftGameProvider.java:514)
	at net.fabricmc.loader.impl.launch.knot.Knot.launch(Knot.java:72)
	at net.fabricmc.loader.impl.launch.knot.KnotClient.main(KnotClient.java:23)
	at java.base/jdk.internal.reflect.DirectMethodHandleAccessor.invoke(DirectMethodHandleAccessor.java:104)
	at java.base/java.lang.reflect.Method.invoke(Method.java:565)
	at oolloo.jlw.Wrapper.invokeMain(Wrapper.java:112)
	at oolloo.jlw.Wrapper.main(Wrapper.java:105)
[09:53:11] [Render thread/INFO]: Constructing components for easymagic:client
[09:53:11] [Render thread/INFO]: [ETF]: Modifying ETF Render State constructor because: for EMF
[09:53:11] [Render thread/INFO]: Loading Entity Model Features, breaking your resource packs since April 1st 2023.
[09:53:11] [Render thread/INFO]: [ETF]: 6 new ETF Random Properties registered by entity_model_features
[09:53:11] [Render thread/INFO]: Loading Entity Texture Features, now available for Terraria!
[09:53:11] [Render thread/INFO]: [Indigo] Different rendering plugin detected; not applying Indigo.
[09:53:11] [Render thread/INFO]: Registering leaf particles.
[09:53:12] [Render thread/INFO]: Constructing components for fastitemframes:client
[09:53:12] [Render thread/INFO]: [FastQuit] Initialized
[09:53:12] [Render thread/INFO]: Using Cloth Config Freecam GUI
[09:53:12] [Render thread/WARN]: [IMBlocker] Class net.mehvahdjukaar.supplementaries.client.screens.TextHolderEditScreen not found, ignored.
[09:53:12] [Render thread/WARN]: [IMBlocker] Class com.simibubi.create.content.equipment.clipboard.ClipboardScreen not found, ignored.
[09:53:12] [Render thread/INFO]: [IMBlocker] bakelist screenWhitelist result []
[09:53:12] [Render thread/ERROR]: Configured specified an invalid entrypoint for its JEI plugin
net.fabricmc.loader.api.EntrypointException: Exception while loading entries for entrypoint 'jei_mod_plugin' provided by 'configured'
	at net.fabricmc.loader.impl.entrypoint.EntrypointContainerImpl.getEntrypoint(EntrypointContainerImpl.java:56)
	at knot//mezz.jei.fabric.startup.FabricPluginFinder.lambda$getInstances$0(FabricPluginFinder.java:33)
	at java.base/java.util.stream.ReferencePipeline$11$1.accept(ReferencePipeline.java:489)
	at java.base/java.util.ArrayList$ArrayListSpliterator.forEachRemaining(ArrayList.java:1724)
	at java.base/java.util.stream.AbstractPipeline.copyInto(AbstractPipeline.java:570)
	at java.base/java.util.stream.AbstractPipeline.wrapAndCopyInto(AbstractPipeline.java:560)
	at java.base/java.util.stream.ReduceOps$ReduceOp.evaluateSequential(ReduceOps.java:921)
	at java.base/java.util.stream.AbstractPipeline.evaluate(AbstractPipeline.java:265)
	at java.base/java.util.stream.ReferencePipeline.collect(ReferencePipeline.java:723)
	at knot//mezz.jei.fabric.startup.FabricPluginFinder.getInstances(FabricPluginFinder.java:43)
	at knot//mezz.jei.fabric.startup.FabricPluginFinder.getModPlugins(FabricPluginFinder.java:23)
	at knot//mezz.jei.fabric.startup.ClientLifecycleHandler.<init>(ClientLifecycleHandler.java:37)
	at knot//mezz.jei.fabric.JustEnoughItemsClient.onInitializeClient(JustEnoughItemsClient.java:26)
	at net.fabricmc.loader.impl.FabricLoaderImpl.invokeEntrypoints(FabricLoaderImpl.java:405)
	at net.fabricmc.loader.impl.game.minecraft.Hooks.startClient(Hooks.java:53)
	at knot//fudge.notenoughcrashes.fabric.mixinhandlers.ModLoaders.fabricEntrypoints(ModLoaders.java:9)
	at knot//net.minecraft.client.Minecraft.redirect$gbg000$notenoughcrashes$catchFabricInit(Minecraft.java:28356)
	at knot//net.minecraft.client.Minecraft.<init>(Minecraft.java:477)
	at knot//net.minecraft.client.main.Main.main(Main.java:232)
	at net.fabricmc.loader.impl.game.minecraft.MinecraftGameProvider.launch(MinecraftGameProvider.java:514)
	at net.fabricmc.loader.impl.launch.knot.Knot.launch(Knot.java:72)
	at net.fabricmc.loader.impl.launch.knot.KnotClient.main(KnotClient.java:23)
	at java.base/jdk.internal.reflect.DirectMethodHandleAccessor.invoke(DirectMethodHandleAccessor.java:104)
	at java.base/java.lang.reflect.Method.invoke(Method.java:565)
	at oolloo.jlw.Wrapper.invokeMain(Wrapper.java:112)
	at oolloo.jlw.Wrapper.main(Wrapper.java:105)
Caused by: net.fabricmc.loader.api.LanguageAdapterException: java.lang.ClassNotFoundException: com.mrcrayfish.configured.impl.jei.ConfiguredJeiPlugin
	at net.fabricmc.loader.impl.util.DefaultLanguageAdapter.create(DefaultLanguageAdapter.java:52)
	at net.fabricmc.loader.impl.entrypoint.EntrypointStorage$NewEntry.getOrCreate(EntrypointStorage.java:124)
	at net.fabricmc.loader.impl.entrypoint.EntrypointContainerImpl.getEntrypoint(EntrypointContainerImpl.java:53)
	... 25 more
Caused by: java.lang.ClassNotFoundException: com.mrcrayfish.configured.impl.jei.ConfiguredJeiPlugin
	at java.base/jdk.internal.loader.BuiltinClassLoader.loadClass(BuiltinClassLoader.java:580)
	at java.base/java.lang.ClassLoader.loadClass(ClassLoader.java:502)
	at net.fabricmc.loader.impl.launch.knot.KnotClassDelegate.loadClass(KnotClassDelegate.java:239)
	at net.fabricmc.loader.impl.launch.knot.KnotClassLoader.loadClass(KnotClassLoader.java:119)
	at java.base/java.lang.ClassLoader.loadClass(ClassLoader.java:502)
	at java.base/java.lang.Class.forName0(Native Method)
	at java.base/java.lang.Class.forName(Class.java:560)
	at net.fabricmc.loader.impl.util.DefaultLanguageAdapter.create(DefaultLanguageAdapter.java:50)
	... 27 more
[09:53:12] [Render thread/INFO]: Sending ConfigManager...
[09:53:12] [Render thread/INFO]: Sending ConfigManager took 688.3 microseconds
[09:53:12] [Render thread/INFO]: Krypton is now accelerating your Minecraft client's networking stack ?
[09:53:12] [Render thread/INFO]: Note that Krypton is most effective on servers, not the client.
[09:53:12] [Render thread/INFO]: [LSDC] LoongLy:Sodium Device Check init!
[09:53:12] [Render thread/INFO]: [STDOUT]: Starting Mo Glass...
[09:53:12] [Render thread/WARN]: Using Cloth Config GUI
[09:53:12] [Render thread/INFO]: Checking mod updates...
[09:53:12] [Render thread/INFO]: [STDOUT]: [Mouse Tweaks] Main.initialize()
[09:53:12] [Render thread/INFO]: [STDOUT]: [Mouse Tweaks] Initialized.
[09:53:12] [Render thread/INFO]: Constructing components for pickupnotifier:client
[09:53:12] [Render thread/INFO]: Constructing components for puzzleslib:client
[09:53:12] [Render thread/INFO]: Iris detected! Will use modified rendering for electricity when shaders are enabled
[09:53:12] [Render thread/INFO]: [SCLP] LoongLy:Sodium Chinese Localized Package init!
[09:53:12] [Render thread/INFO]: [STDOUT]: [sclp]I18NLanguage init
[09:53:12] [Render thread/INFO]: [STDERR]: [sclp]I18NLanguage init twice
[09:53:12] [Render thread/ERROR]: Write access detected to @Final field name:Ljava/lang/String; in sclp.mixins.json:sodium.MixinModOptionsBuilderImpl from mod sclp::handler$gih000$sclp$injectSetName
[09:53:12] [Render thread/ERROR]: Write access detected to @Final field name:Ljava/lang/String; in sclp.mixins.json:sodium.MixinModOptionsBuilderImpl from mod sclp::handler$gih000$sclp$injectInit
[09:53:12] [Render thread/ERROR]: Write access detected to @Final field name:Lnet/minecraft/network/chat/Component; in sclp.mixins.json:sodium.MixinPageBuilderImpl from mod sclp::handler$gii000$sclp$injectSetName
[09:53:12] [Render thread/INFO]: Reloading reverb parameters
[09:53:13] [Render thread/INFO]: Unknown sound in sound rate config: farmersdelight:block.cutting_board.knife
[09:53:13] [Render thread/INFO]: Unknown sound in sound rate config: farmersdelight:block.tomato_bush.pick_tomatoes
[09:53:13] [Render thread/INFO]: [SSPB] Broken dirt path lighting is best dirt path lighting lol
[09:53:13] [Render thread/INFO]: Initializing 'tcdcommons' as 'TCDCommonsFabricClient'.
[09:53:13] [Render thread/INFO]: [STDOUT]: [LibGui] Initializing Client...
[09:53:13] [Render thread/INFO]: Constructing components for universalenchants:client
[09:53:13] [Render thread/INFO]: Deserializing YACLConfig from 'D:\.minecraft\versions\xiaozi craft 26.1.2\config\yacl.json5'
[09:53:13] [Render thread/INFO]: Initializing mods (entrypoint yumi:init)...
[09:53:13] [Render thread/INFO]: [LambDynLights] Initializing LambDynamicLights...
[09:53:13] [Render thread/INFO]: [LambDynLights] Configuration loaded.
[09:53:13] [Render thread/INFO]: Deserializing ModConfig from 'D:\.minecraft\versions\xiaozi craft 26.1.2\config\sounds\mod_utils.json'
[09:53:13] [Render thread/INFO]: Deserializing WorldSoundsConfig from 'D:\.minecraft\versions\xiaozi craft 26.1.2\config\sounds\world.json'
[09:53:13] [Render thread/INFO]: Deserializing ChatSoundsConfig from 'D:\.minecraft\versions\xiaozi craft 26.1.2\config\sounds\chat.json'
[09:53:13] [Render thread/INFO]: Deserializing UISoundsConfig from 'D:\.minecraft\versions\xiaozi craft 26.1.2\config\sounds\ui.json'
[09:53:13] [Render thread/INFO]: Deserializing EventSoundsConfig from 'D:\.minecraft\versions\xiaozi craft 26.1.2\config\sounds\event.json'
[09:53:14] [Render thread/WARN]: Error reading pack metadata, attempting fallback type
com.google.gson.JsonParseException: Pack key supported_formats is deprecated starting from pack format 65. Remove supported_formats from your pack.mcmeta.
	at knot//com.mojang.serialization.DataResult$Error.getOrThrow(DataResult.java:287)
	at knot//net.minecraft.server.packs.resources.ResourceMetadata$2.getSection(ResourceMetadata.java:40)
	at knot//net.fabricmc.fabric.impl.resource.pack.ModNioPackResources.getMetadataSection(ModNioPackResources.java:286)
	at knot//net.minecraft.server.packs.repository.Pack.readPackMetadata(Pack.java:56)
	at knot//net.minecraft.server.packs.repository.Pack.readMetaAndCreate(Pack.java:41)
	at knot//net.fabricmc.fabric.impl.resource.pack.ModResourcePackCreator.registerModPack(ModResourcePackCreator.java:122)
	at knot//net.fabricmc.fabric.impl.resource.pack.ModResourcePackCreator.loadPacks(ModResourcePackCreator.java:106)
	at knot//net.fabricmc.fabric.impl.resource.client.DefaultResourcePackStorage.process(DefaultResourcePackStorage.java:83)
	at knot//net.minecraft.client.Options.handler$dgk000$fabric-resource-loader-v1$onLoad(Options.java:4301)
	at knot//net.minecraft.client.Options.load(Options.java:1955)
	at knot//net.minecraft.client.Options.<init>(Options.java:1695)
	at knot//net.minecraft.client.Minecraft.<init>(Minecraft.java:479)
	at knot//net.minecraft.client.main.Main.main(Main.java:232)
	at net.fabricmc.loader.impl.game.minecraft.MinecraftGameProvider.launch(MinecraftGameProvider.java:514)
	at net.fabricmc.loader.impl.launch.knot.Knot.launch(Knot.java:72)
	at net.fabricmc.loader.impl.launch.knot.KnotClient.main(KnotClient.java:23)
	at java.base/jdk.internal.reflect.DirectMethodHandleAccessor.invoke(DirectMethodHandleAccessor.java:104)
	at java.base/java.lang.reflect.Method.invoke(Method.java:565)
	at oolloo.jlw.Wrapper.invokeMain(Wrapper.java:112)
	at oolloo.jlw.Wrapper.main(Wrapper.java:105)
[09:53:14] [Render thread/INFO]: Backend library: LWJGL version 3.4.1-snapshot
[09:53:14] [Render thread/INFO]: Window hints applied!
[09:53:14] [Render thread/INFO]: Modifying process environment to apply workarounds for the NVIDIA graphics driver...
[09:53:14] [ForkJoinPool.commonPool-worker-3/WARN]: [Iris Update Check] This version doesn't have an update index, skipping.
[09:53:14] [Render thread/INFO]: Initializing ImmediatelyFast 1.15.2+26.1.2 on NVIDIA GeForce RTX 4070/PCIe/SSE2 (NVIDIA Corporation) with OpenGL 3.3.0 NVIDIA 596.49
[09:53:14] [Render thread/INFO]: Found Iris 1.10.9+mc26.1.1. Enabling compatibility.
[09:53:14] [Render thread/INFO]: Debug functionality is disabled.
[09:53:14] [Render thread/INFO]: ARB_direct_state_access detected, enabling DSA.
[09:53:15] [Render thread/INFO]: EuphoriaPatcher: Added Euphoria Patches defines to Iris
[09:53:15] [Render thread/WARN]: Unable to resolve shader pack option menu element "FOG_DISTANCE_LOD" defined in shaders.properties
[09:53:15] [Render thread/INFO]: Profile: ULTRA (+1 option changed by user)
[09:53:15] [Render thread/INFO]: [me.cx.vy.ct.is.IrisShaderPatch]: External opaque shader patch applied
[09:53:15] [Render thread/INFO]: [me.cx.vy.ct.is.IrisShaderPatch]: External translucent shader patch applied
[09:53:15] [Render thread/INFO]: Using shaderpack: BSL_v10.1.3.zip
[09:53:15] [Render thread/INFO]: Using optional rendering extensions: GL_ARB_buffer_storage, GL_KHR_debug, GL_ARB_vertex_attrib_binding, GL_ARB_direct_state_access, GL_EXT_texture_filter_anisotropic
[09:53:15] [Render thread/WARN]: Error reading pack metadata, attempting fallback type
com.google.gson.JsonParseException: Pack key supported_formats is deprecated starting from pack format 65. Remove supported_formats from your pack.mcmeta.
	at knot//com.mojang.serialization.DataResult$Error.getOrThrow(DataResult.java:287)
	at knot//net.minecraft.server.packs.resources.ResourceMetadata$2.getSection(ResourceMetadata.java:40)
	at knot//net.fabricmc.fabric.impl.resource.pack.ModNioPackResources.getMetadataSection(ModNioPackResources.java:286)
	at knot//net.minecraft.server.packs.repository.Pack.readPackMetadata(Pack.java:56)
	at knot//net.minecraft.server.packs.repository.Pack.readMetaAndCreate(Pack.java:41)
	at knot//net.fabricmc.fabric.impl.resource.pack.ModResourcePackCreator.registerModPack(ModResourcePackCreator.java:122)
	at knot//net.fabricmc.fabric.impl.resource.pack.ModResourcePackCreator.loadPacks(ModResourcePackCreator.java:106)
	at knot//net.minecraft.server.packs.repository.BuiltInPackSource.handler$dgf000$fabric-resource-loader-v1$addBuiltinResourcePacks(BuiltInPackSource.java:539)
	at knot//net.minecraft.server.packs.repository.BuiltInPackSource.loadPacks(BuiltInPackSource.java:51)
	at knot//net.minecraft.server.packs.repository.PackRepository.discoverAvailable(PackRepository.java:43)
	at knot//net.minecraft.server.packs.repository.PackRepository.reload(PackRepository.java:36)
	at knot//net.minecraft.client.Minecraft.<init>(Minecraft.java:574)
	at knot//net.minecraft.client.main.Main.main(Main.java:232)
	at net.fabricmc.loader.impl.game.minecraft.MinecraftGameProvider.launch(MinecraftGameProvider.java:514)
	at net.fabricmc.loader.impl.launch.knot.Knot.launch(Knot.java:72)
	at net.fabricmc.loader.impl.launch.knot.KnotClient.main(KnotClient.java:23)
	at java.base/jdk.internal.reflect.DirectMethodHandleAccessor.invoke(DirectMethodHandleAccessor.java:104)
	at java.base/java.lang.reflect.Method.invoke(Method.java:565)
	at oolloo.jlw.Wrapper.invokeMain(Wrapper.java:112)
	at oolloo.jlw.Wrapper.main(Wrapper.java:105)
[09:53:15] [Render thread/INFO]: Hardware information:
[09:53:15] [Render thread/INFO]: CPU: 20x 12th Gen Intel(R) Core(TM) i7-12700KF
[09:53:15] [Render thread/INFO]: GPU: NVIDIA GeForce RTX 4070/PCIe/SSE2 (Supports OpenGL 3.3.0 NVIDIA 596.49)
[09:53:15] [Render thread/INFO]: OS: Windows 11 (10.0)
[09:53:15] [Render thread/INFO]: [FANCYMENU] Registering resource reload listener..
[09:53:16] [Render thread/INFO]: Reloading ResourceManager: vanilla, acrylic, almanac, ambientsounds, badoptimizations, balm, bettergrass, betterstats, biomesoplenty, boatiview, c2me, camerautils, caxton, chatimpressiveanimation, cherishedworlds, chunky, cicada, clienttweaks, cloth-config, conditional-mixin, configured, continuity, creativecore, cullleaves, cwb, debugify, do_a_barrel_roll, drippyloadingscreen, dynamic_fps, dynamic_fps_common, easymagic, enchdesc, entity_model_features, entity_texture_features, entityculling, fabric-api, fabric-api-base, fabric-api-lookup-api-v1, fabric-biome-api-v1, fabric-block-api-v1, fabric-block-getter-api-v2, fabric-command-api-v2, fabric-content-registries-v0, fabric-convention-tags-v2, fabric-crash-report-info-v1, fabric-creative-tab-api-v1, fabric-data-attachment-api-v1, fabric-data-generation-api-v1, fabric-debug-api-v1, fabric-dimensions-v1, fabric-entity-events-v1, fabric-events-interaction-v0, fabric-game-rule-api-v1, fabric-item-api-v1, fabric-key-mapping-api-v1, fabric-language-kotlin, fabric-lifecycle-events-v1, fabric-loot-api-v3, fabric-menu-api-v1, fabric-message-api-v1, fabric-model-loading-api-v1, fabric-networking-api-v1, fabric-object-builder-api-v1, fabric-particles-v1, fabric-permission-api-v1, fabric-recipe-api-v1, fabric-registry-sync-v0, fabric-renderer-api-v1, fabric-renderer-indigo, fabric-rendering-fluids-v1, fabric-rendering-v1, fabric-resource-conditions-api-v1, fabric-resource-loader-v0, fabric-resource-loader-v1, fabric-screen-api-v1, fabric-serialization-api-v1, fabric-sound-api-v1, fabric-tag-api-v1, fabric-transfer-api-v1, fabric-transitive-access-wideners-v1, fabricloader, fabrishot, fallingleaves, fancymenu, farmersdelight, fastitemframes, fastquit, forgeconfigapiport, framework, freecam, imblocker, immediatelyfast, invmove, iris, iris-extension, jei, kirin, krypton, kuma_api, lambdynlights, lambdynlights_api, languagereload, letmedespawn, litematica, lithium, lsdc, malilib, mcwbridges, mcwdoors, mcwfurnitures, mcwholidays, mcwifipnp, mcwlights, mcwpaintings, mcwpaths, mcwroofs, mcwstairs, mcwtrpdoors, mcwwindows, midnightlib, mo_glass, modmenu, morechathistory, moreculling, mr_vanilla_refresh, mru, notenoughcrashes, org_apache_commons_commons-math3, placeholder-api, presencefootsteps, pride, reeses-sodium-options, refurbished_furniture, scalablelux, sclp, shulkerboxtooltip, sit, sodium, sodium-extra, sound_physics_remastered, sounds, spark, spectrelib, spruceui, sspb, superfastmath, tcdcommons, tectonic, terrablender, trender, visuality, vmp, voxy, worldedit, yet_another_config_lib_v3, caxton:opensans, continuity:default, continuity:glass_pane_culling_fix, file/§cCozyUI§b+ §7v1.10§c no-fonts §0.zip, cullleaves:smartleaves
[09:53:16] [Render thread/INFO]: Clearing 0 loaded font(s)
[09:53:16] [Worker-Main-12/INFO]: Loading font caxton:opensans_regular.ttf
[09:53:16] [Render thread/INFO]: Placement Manager calculated thread limit: [02/05]
[09:53:16] [Render thread/INFO]: i18nLang#load: File: '/assets/litematica/lang/en_us.json' has been loaded successfully
[09:53:16] [Render thread/WARN]: i18nOptionManager#buildLanguageOptions(litematica): Detected [13] available options.
[09:53:17] [Render thread/INFO]: [FANCYMENU] Initializing screen customization engine! Addons should NOT REGISTER TO REGISTRIES anymore now!
[09:53:17] [Worker-Main-13/INFO]: Found unifont_pua-17.0.01.hex, loading
[09:53:17] [Worker-Main-9/INFO]: Found unifont_all_no_pua-17.0.01.hex, loading
[09:53:17] [Worker-Main-12/INFO]: Loading font caxton:opensans_bold.ttf
[09:53:17] [Worker-Main-17/INFO]: Found unifont_jp_patch-17.0.01.hex, loading
[09:53:17] [Worker-Main-19/WARN]: Invalid frame index on sprite minecraft:icon/trial_available frame 6: 6
[09:53:17] [Worker-Main-19/WARN]: Unused frames in sprite minecraft:icon/trial_available: [1]
[09:53:17] [Render thread/INFO]: [DRIPPY LOADING SCREEN] Creating DrippyOverlayScreen instance..
[09:53:17] [Render thread/INFO]: [FANCYMENU] ScreenCustomizationLayer registered: drippy_loading_overlay
[09:53:17] [Worker-Main-12/INFO]: Loading font caxton:opensans_italic.ttf
[09:53:17] [Render thread/INFO]: [FANCYMENU] Starting late client initialization phase..
[09:53:17] [Render thread/INFO]: i18nLang#load: File: '/assets/malilib/lang/en_us.json' has been loaded successfully
[09:53:17] [Render thread/WARN]: i18nOptionManager#buildLanguageOptions(malilib): Detected [12] available options.
[09:53:17] [Render thread/INFO]: i18nLang#load: File: '/assets/malilib/lang/zh_cn.json' has been loaded successfully
[09:53:17] [Render thread/INFO]: i18nOptionManager#setLang(malilib): Language: 'zh_cn' - has been loaded successfully.
[09:53:17] [Render thread/INFO]: i18nLang#load: File: '/assets/litematica/lang/zh_cn.json' has been loaded successfully
[09:53:17] [Render thread/INFO]: i18nOptionManager#setLang(litematica): Language: 'zh_cn' - has been loaded successfully.
[09:53:17] [Worker-Main-12/INFO]: Loading font caxton:opensans_bold_italic.ttf
[09:53:17] [Render thread/INFO]: Cached all modded block culling states
[09:53:18] [Render thread/INFO]: Loaded AmbientEngine 'basic' v3.2.5. 11 dimension(s), 11 features, 11 blockgroups, 2 sound collections, 38 regions, 60 sounds, 12 sound categories, 6 solids and 2 biome types
[09:53:18] [Render thread/ERROR]: Couldn't find source for VERTEX shader (minecraft:core/fancymenu_gui_smooth_rect)
[09:53:18] [Render thread/ERROR]: Couldn't find source for FRAGMENT shader (minecraft:core/fancymenu_gui_smooth_rect)
[09:53:18] [Render thread/ERROR]: Couldn't compile pipeline minecraft:pipeline/fancymenu_gui_smooth_rect: vertex shader minecraft:core/fancymenu_gui_smooth_rect was invalid
[09:53:18] [Render thread/INFO]: Thread[#3,Render thread,10,main]
[09:53:18] [Render thread/INFO]: OpenGL Vendor: NVIDIA Corporation
[09:53:18] [Render thread/INFO]: OpenGL Renderer: NVIDIA GeForce RTX 4070/PCIe/SSE2
[09:53:18] [Render thread/INFO]: OpenGL Version: 3.3.0 NVIDIA 596.49
[09:53:18] [Render thread/INFO]: Modifying OpenGL context to apply workarounds for the NVIDIA graphics driver...
[09:53:18] [Render thread/INFO]: Enabling GL_DEBUG_OUTPUT_SYNCHRONOUS to force the NVIDIA driver to disable threaded command submission
[09:53:18] [Worker-Main-13/WARN]: Unable to bake model: 'Block{mcwfurnitures:stripped_spruce_glass_table}[east=false,north=false,south=true,west=false]': java.lang.IllegalArgumentException: Cannot compute translucency out of bounds: [0, 5, 7, 17] in 16x16 image
[09:53:18] [Worker-Main-2/WARN]: Unable to bake model: 'Block{mcwfurnitures:stripped_dark_oak_glass_table}[east=true,north=false,south=false,west=false]': java.lang.IllegalArgumentException: Cannot compute translucency out of bounds: [0, 5, 7, 17] in 16x16 image
[09:53:18] [Worker-Main-11/WARN]: Unable to bake model: 'Block{mcwfurnitures:stripped_birch_glass_table}[east=false,north=false,south=false,west=true]': java.lang.IllegalArgumentException: Cannot compute translucency out of bounds: [0, 5, 7, 17] in 16x16 image
[09:53:18] [Worker-Main-8/WARN]: Unable to bake model: 'Block{mcwfurnitures:stripped_acacia_glass_table}[east=false,north=false,south=true,west=false]': java.lang.IllegalArgumentException: Cannot compute translucency out of bounds: [0, 5, 7, 17] in 16x16 image
[09:53:18] [Worker-Main-9/WARN]: Unable to bake model: 'Block{mcwfurnitures:stripped_pale_oak_glass_table}[east=false,north=false,south=true,west=false]': java.lang.IllegalArgumentException: Cannot compute translucency out of bounds: [0, 5, 7, 17] in 16x16 image
[09:53:18] [Worker-Main-9/WARN]: Unable to bake model: 'Block{mcwfurnitures:stripped_oak_glass_table}[east=false,north=false,south=false,west=true]': java.lang.IllegalArgumentException: Cannot compute translucency out of bounds: [0, 5, 7, 17] in 16x16 image
[09:53:18] [Worker-Main-4/WARN]: Unable to bake model: 'Block{mcwfurnitures:stripped_jungle_glass_table}[east=false,north=true,south=false,west=false]': java.lang.IllegalArgumentException: Cannot compute translucency out of bounds: [0, 5, 7, 17] in 16x16 image
[09:53:18] [Worker-Main-1/WARN]: Unable to bake model: 'Block{mcwfurnitures:stripped_crimson_glass_table}[east=false,north=false,south=false,west=true]': java.lang.IllegalArgumentException: Cannot compute translucency out of bounds: [0, 5, 7, 17] in 16x16 image
[09:53:18] [Worker-Main-18/WARN]: Unable to bake model: 'Block{mcwfurnitures:pale_oak_glass_table}[east=false,north=true,south=false,west=false]': java.lang.IllegalArgumentException: Cannot compute translucency out of bounds: [0, 5, 7, 17] in 16x16 image
[09:53:18] [Worker-Main-18/WARN]: Unable to bake model: 'Block{mcwfurnitures:stripped_birch_glass_table}[east=false,north=true,south=false,west=false]': java.lang.IllegalArgumentException: Cannot compute translucency out of bounds: [0, 5, 7, 17] in 16x16 image
[09:53:18] [Worker-Main-12/WARN]: Unable to bake model: 'Block{mcwfurnitures:stripped_crimson_glass_table}[east=false,north=true,south=false,west=false]': java.lang.IllegalArgumentException: Cannot compute translucency out of bounds: [0, 5, 7, 17] in 16x16 image
[09:53:18] [Worker-Main-10/WARN]: Unable to bake model: 'Block{mcwfurnitures:spruce_glass_table}[east=false,north=false,south=false,west=true]': java.lang.IllegalArgumentException: Cannot compute translucency out of bounds: [0, 5, 7, 17] in 16x16 image
[09:53:18] [Worker-Main-7/WARN]: Unable to bake model: 'Block{mcwfurnitures:cherry_glass_table}[east=false,north=true,south=false,west=false]': java.lang.IllegalArgumentException: Cannot compute translucency out of bounds: [0, 5, 7, 17] in 16x16 image
[09:53:18] [Worker-Main-15/WARN]: Unable to bake model: 'Block{mcwfurnitures:stripped_pale_oak_glass_table}[east=false,north=true,south=false,west=false]': java.lang.IllegalArgumentException: Cannot compute translucency out of bounds: [0, 5, 7, 17] in 16x16 image
[09:53:18] [Worker-Main-9/WARN]: Unable to bake model: 'Block{mcwfurnitures:crimson_glass_table}[east=false,north=false,south=true,west=false]': java.lang.IllegalArgumentException: Cannot compute translucency out of bounds: [0, 5, 7, 17] in 16x16 image
[09:53:18] [Worker-Main-19/WARN]: Unable to bake model: 'Block{mcwfurnitures:oak_glass_table}[east=false,north=false,south=true,west=false]': java.lang.IllegalArgumentException: Cannot compute translucency out of bounds: [0, 5, 7, 17] in 16x16 image
[09:53:18] [Worker-Main-1/WARN]: Unable to bake model: 'Block{mcwfurnitures:stripped_mangrove_glass_table}[east=true,north=false,south=false,west=false]': java.lang.IllegalArgumentException: Cannot compute translucency out of bounds: [0, 5, 7, 17] in 16x16 image
[09:53:18] [Worker-Main-12/WARN]: Unable to bake model: 'Block{mcwfurnitures:oak_glass_table}[east=true,north=false,south=false,west=false]': java.lang.IllegalArgumentException: Cannot compute translucency out of bounds: [0, 5, 7, 17] in 16x16 image
[09:53:18] [Worker-Main-2/WARN]: Unable to bake model: 'Block{mcwfurnitures:oak_glass_table}[east=false,north=true,south=false,west=false]': java.lang.IllegalArgumentException: Cannot compute translucency out of bounds: [0, 5, 7, 17] in 16x16 image
[09:53:18] [Worker-Main-16/WARN]: Unable to bake model: 'Block{mcwfurnitures:stripped_spruce_glass_table}[east=true,north=false,south=false,west=false]': java.lang.IllegalArgumentException: Cannot compute translucency out of bounds: [0, 5, 7, 17] in 16x16 image
[09:53:18] [Worker-Main-13/WARN]: Unable to bake model: 'Block{mcwfurnitures:birch_glass_table}[east=false,north=false,south=false,west=true]': java.lang.IllegalArgumentException: Cannot compute translucency out of bounds: [0, 5, 7, 17] in 16x16 image
[09:53:18] [Worker-Main-16/WARN]: Unable to bake model: 'Block{mcwfurnitures:stripped_warped_glass_table}[east=false,north=false,south=false,west=true]': java.lang.IllegalArgumentException: Cannot compute translucency out of bounds: [0, 5, 7, 17] in 16x16 image
[09:53:18] [Worker-Main-16/WARN]: Unable to bake model: 'Block{mcwfurnitures:stripped_birch_glass_table}[east=true,north=false,south=false,west=false]': java.lang.IllegalArgumentException: Cannot compute translucency out of bounds: [0, 5, 7, 17] in 16x16 image
[09:53:18] [Worker-Main-5/WARN]: Unable to bake model: 'Block{mcwfurnitures:cherry_glass_table}[east=true,north=false,south=false,west=false]': java.lang.IllegalArgumentException: Cannot compute translucency out of bounds: [0, 5, 7, 17] in 16x16 image
[09:53:18] [Worker-Main-6/WARN]: Unable to bake model: 'Block{mcwfurnitures:crimson_glass_table}[east=true,north=false,south=false,west=false]': java.lang.IllegalArgumentException: Cannot compute translucency out of bounds: [0, 5, 7, 17] in 16x16 image
[09:53:18] [Worker-Main-19/WARN]: Unable to bake model: 'Block{mcwfurnitures:stripped_mangrove_glass_table}[east=false,north=true,south=false,west=false]': java.lang.IllegalArgumentException: Cannot compute translucency out of bounds: [0, 5, 7, 17] in 16x16 image
[09:53:18] [Worker-Main-7/WARN]: Unable to bake model: 'Block{mcwfurnitures:crimson_glass_table}[east=false,north=true,south=false,west=false]': java.lang.IllegalArgumentException: Cannot compute translucency out of bounds: [0, 5, 7, 17] in 16x16 image
[09:53:18] [Worker-Main-14/WARN]: Unable to bake model: 'Block{mcwfurnitures:stripped_cherry_glass_table}[east=true,north=false,south=false,west=false]': java.lang.IllegalArgumentException: Cannot compute translucency out of bounds: [0, 5, 7, 17] in 16x16 image
[09:53:19] [Worker-Main-1/WARN]: Unable to bake model: 'Block{mcwfurnitures:jungle_glass_table}[east=false,north=true,south=false,west=false]': java.lang.IllegalArgumentException: Cannot compute translucency out of bounds: [0, 5, 7, 17] in 16x16 image
[09:53:19] [Worker-Main-18/WARN]: Unable to bake model: 'Block{mcwfurnitures:dark_oak_glass_table}[east=true,north=false,south=false,west=false]': java.lang.IllegalArgumentException: Cannot compute translucency out of bounds: [0, 5, 7, 17] in 16x16 image
[09:53:19] [Worker-Main-1/WARN]: Unable to bake model: 'Block{mcwfurnitures:warped_glass_table}[east=true,north=false,south=false,west=false]': java.lang.IllegalArgumentException: Cannot compute translucency out of bounds: [0, 5, 7, 17] in 16x16 image
[09:53:19] [Worker-Main-14/WARN]: Unable to bake model: 'Block{mcwfurnitures:stripped_dark_oak_glass_table}[east=false,north=false,south=false,west=true]': java.lang.IllegalArgumentException: Cannot compute translucency out of bounds: [0, 5, 7, 17] in 16x16 image
[09:53:19] [Worker-Main-5/WARN]: Unable to bake model: 'Block{mcwfurnitures:cherry_glass_table}[east=false,north=false,south=false,west=true]': java.lang.IllegalArgumentException: Cannot compute translucency out of bounds: [0, 5, 7, 17] in 16x16 image
[09:53:19] [Worker-Main-17/WARN]: Unable to bake model: 'Block{mcwfurnitures:oak_glass_table}[east=false,north=false,south=false,west=true]': java.lang.IllegalArgumentException: Cannot compute translucency out of bounds: [0, 5, 7, 17] in 16x16 image
[09:53:19] [Worker-Main-17/WARN]: Unable to bake model: 'Block{mcwfurnitures:jungle_glass_table}[east=false,north=false,south=true,west=false]': java.lang.IllegalArgumentException: Cannot compute translucency out of bounds: [0, 5, 7, 17] in 16x16 image
[09:53:19] [Worker-Main-13/WARN]: Unable to bake model: 'Block{mcwfurnitures:stripped_oak_glass_table}[east=false,north=true,south=false,west=false]': java.lang.IllegalArgumentException: Cannot compute translucency out of bounds: [0, 5, 7, 17] in 16x16 image
[09:53:19] [Worker-Main-3/WARN]: Unable to bake model: 'Block{mcwfurnitures:stripped_jungle_glass_table}[east=true,north=false,south=false,west=false]': java.lang.IllegalArgumentException: Cannot compute translucency out of bounds: [0, 5, 7, 17] in 16x16 image
[09:53:19] [Worker-Main-6/WARN]: Unable to bake model: 'Block{mcwfurnitures:dark_oak_glass_table}[east=false,north=false,south=false,west=true]': java.lang.IllegalArgumentException: Cannot compute translucency out of bounds: [0, 5, 7, 17] in 16x16 image
[09:53:19] [Worker-Main-17/WARN]: Unable to bake model: 'Block{mcwfurnitures:mangrove_glass_table}[east=false,north=true,south=false,west=false]': java.lang.IllegalArgumentException: Cannot compute translucency out of bounds: [0, 5, 7, 17] in 16x16 image
[09:53:19] [Worker-Main-10/WARN]: Unable to bake model: 'Block{mcwfurnitures:spruce_glass_table}[east=false,north=false,south=true,west=false]': java.lang.IllegalArgumentException: Cannot compute translucency out of bounds: [0, 5, 7, 17] in 16x16 image
[09:53:19] [Worker-Main-18/WARN]: Unable to bake model: 'Block{mcwfurnitures:acacia_glass_table}[east=true,north=false,south=false,west=false]': java.lang.IllegalArgumentException: Cannot compute translucency out of bounds: [0, 5, 7, 17] in 16x16 image
[09:53:19] [Worker-Main-3/WARN]: Unable to bake model: 'Block{mcwfurnitures:stripped_cherry_glass_table}[east=false,north=true,south=false,west=false]': java.lang.IllegalArgumentException: Cannot compute translucency out of bounds: [0, 5, 7, 17] in 16x16 image
[09:53:19] [Worker-Main-8/WARN]: Unable to bake model: 'Block{mcwfurnitures:stripped_pale_oak_glass_table}[east=true,north=false,south=false,west=false]': java.lang.IllegalArgumentException: Cannot compute translucency out of bounds: [0, 5, 7, 17] in 16x16 image
[09:53:19] [Worker-Main-14/WARN]: Unable to bake model: 'Block{mcwfurnitures:stripped_warped_glass_table}[east=false,north=false,south=true,west=false]': java.lang.IllegalArgumentException: Cannot compute translucency out of bounds: [0, 5, 7, 17] in 16x16 image
[09:53:19] [Worker-Main-3/WARN]: Unable to bake model: 'Block{mcwfurnitures:stripped_oak_glass_table}[east=false,north=false,south=true,west=false]': java.lang.IllegalArgumentException: Cannot compute translucency out of bounds: [0, 5, 7, 17] in 16x16 image
[09:53:19] [Worker-Main-7/WARN]: Unable to bake model: 'Block{mcwfurnitures:birch_glass_table}[east=false,north=false,south=true,west=false]': java.lang.IllegalArgumentException: Cannot compute translucency out of bounds: [0, 5, 7, 17] in 16x16 image
[09:53:19] [Worker-Main-14/WARN]: Unable to bake model: 'Block{mcwfurnitures:jungle_glass_table}[east=true,north=false,south=false,west=false]': java.lang.IllegalArgumentException: Cannot compute translucency out of bounds: [0, 5, 7, 17] in 16x16 image
[09:53:19] [Worker-Main-14/WARN]: Unable to bake model: 'Block{mcwfurnitures:cherry_glass_table}[east=false,north=false,south=true,west=false]': java.lang.IllegalArgumentException: Cannot compute translucency out of bounds: [0, 5, 7, 17] in 16x16 image
[09:53:19] [Worker-Main-18/WARN]: Unable to bake model: 'Block{mcwfurnitures:spruce_glass_table}[east=false,north=true,south=false,west=false]': java.lang.IllegalArgumentException: Cannot compute translucency out of bounds: [0, 5, 7, 17] in 16x16 image
[09:53:19] [Worker-Main-2/WARN]: Unable to bake model: 'Block{mcwfurnitures:acacia_glass_table}[east=false,north=false,south=false,west=true]': java.lang.IllegalArgumentException: Cannot compute translucency out of bounds: [0, 5, 7, 17] in 16x16 image
[09:53:19] [Worker-Main-16/WARN]: Unable to bake model: 'Block{mcwfurnitures:stripped_dark_oak_glass_table}[east=false,north=false,south=true,west=false]': java.lang.IllegalArgumentException: Cannot compute translucency out of bounds: [0, 5, 7, 17] in 16x16 image
[09:53:19] [Worker-Main-7/WARN]: Unable to bake model: 'Block{mcwfurnitures:dark_oak_glass_table}[east=false,north=true,south=false,west=false]': java.lang.IllegalArgumentException: Cannot compute translucency out of bounds: [0, 5, 7, 17] in 16x16 image
[09:53:19] [Worker-Main-11/WARN]: Unable to bake model: 'Block{mcwfurnitures:stripped_mangrove_glass_table}[east=false,north=false,south=true,west=false]': java.lang.IllegalArgumentException: Cannot compute translucency out of bounds: [0, 5, 7, 17] in 16x16 image
[09:53:19] [Worker-Main-1/WARN]: Unable to bake model: 'Block{mcwfurnitures:stripped_cherry_glass_table}[east=false,north=false,south=false,west=true]': java.lang.IllegalArgumentException: Cannot compute translucency out of bounds: [0, 5, 7, 17] in 16x16 image
[09:53:19] [Worker-Main-7/WARN]: Unable to bake model: 'Block{mcwfurnitures:stripped_oak_glass_table}[east=true,north=false,south=false,west=false]': java.lang.IllegalArgumentException: Cannot compute translucency out of bounds: [0, 5, 7, 17] in 16x16 image
[09:53:19] [Worker-Main-19/WARN]: Unable to bake model: 'Block{mcwfurnitures:stripped_pale_oak_glass_table}[east=false,north=false,south=false,west=true]': java.lang.IllegalArgumentException: Cannot compute translucency out of bounds: [0, 5, 7, 17] in 16x16 image
[09:53:19] [Worker-Main-7/WARN]: Unable to bake model: 'Block{mcwfurnitures:stripped_acacia_glass_table}[east=false,north=false,south=false,west=true]': java.lang.IllegalArgumentException: Cannot compute translucency out of bounds: [0, 5, 7, 17] in 16x16 image
[09:53:19] [Worker-Main-11/WARN]: Unable to bake model: 'Block{mcwfurnitures:mangrove_glass_table}[east=false,north=false,south=false,west=true]': java.lang.IllegalArgumentException: Cannot compute translucency out of bounds: [0, 5, 7, 17] in 16x16 image
[09:53:19] [Worker-Main-4/WARN]: Unable to bake model: 'Block{mcwfurnitures:crimson_glass_table}[east=false,north=false,south=false,west=true]': java.lang.IllegalArgumentException: Cannot compute translucency out of bounds: [0, 5, 7, 17] in 16x16 image
[09:53:19] [Worker-Main-8/WARN]: Unable to bake model: 'Block{mcwfurnitures:pale_oak_glass_table}[east=false,north=false,south=true,west=false]': java.lang.IllegalArgumentException: Cannot compute translucency out of bounds: [0, 5, 7, 17] in 16x16 image
[09:53:19] [Worker-Main-3/WARN]: Unable to bake model: 'Block{mcwfurnitures:acacia_glass_table}[east=false,north=false,south=true,west=false]': java.lang.IllegalArgumentException: Cannot compute translucency out of bounds: [0, 5, 7, 17] in 16x16 image
[09:53:19] [Worker-Main-6/WARN]: Unable to bake model: 'Block{mcwfurnitures:stripped_mangrove_glass_table}[east=false,north=false,south=false,west=true]': java.lang.IllegalArgumentException: Cannot compute translucency out of bounds: [0, 5, 7, 17] in 16x16 image
[09:53:19] [Worker-Main-1/WARN]: Unable to bake model: 'Block{mcwfurnitures:birch_glass_table}[east=false,north=true,south=false,west=false]': java.lang.IllegalArgumentException: Cannot compute translucency out of bounds: [0, 5, 7, 17] in 16x16 image
[09:53:19] [Worker-Main-8/WARN]: Unable to bake model: 'Block{mcwfurnitures:warped_glass_table}[east=false,north=false,south=true,west=false]': java.lang.IllegalArgumentException: Cannot compute translucency out of bounds: [0, 5, 7, 17] in 16x16 image
[09:53:19] [Worker-Main-15/WARN]: Unable to bake model: 'Block{mcwfurnitures:mangrove_glass_table}[east=false,north=false,south=true,west=false]': java.lang.IllegalArgumentException: Cannot compute translucency out of bounds: [0, 5, 7, 17] in 16x16 image
[09:53:19] [Worker-Main-12/WARN]: Unable to bake model: 'Block{mcwfurnitures:stripped_jungle_glass_table}[east=false,north=false,south=true,west=false]': java.lang.IllegalArgumentException: Cannot compute translucency out of bounds: [0, 5, 7, 17] in 16x16 image
[09:53:19] [Worker-Main-4/WARN]: Unable to bake model: 'Block{mcwfurnitures:pale_oak_glass_table}[east=false,north=false,south=false,west=true]': java.lang.IllegalArgumentException: Cannot compute translucency out of bounds: [0, 5, 7, 17] in 16x16 image
[09:53:19] [Worker-Main-6/WARN]: Unable to bake model: 'Block{mcwfurnitures:stripped_spruce_glass_table}[east=false,north=false,south=false,west=true]': java.lang.IllegalArgumentException: Cannot compute translucency out of bounds: [0, 5, 7, 17] in 16x16 image
[09:53:19] [Worker-Main-14/WARN]: Unable to bake model: 'Block{mcwfurnitures:stripped_jungle_glass_table}[east=false,north=false,south=false,west=true]': java.lang.IllegalArgumentException: Cannot compute translucency out of bounds: [0, 5, 7, 17] in 16x16 image
[09:53:19] [Worker-Main-12/WARN]: Unable to bake model: 'Block{mcwfurnitures:spruce_glass_table}[east=true,north=false,south=false,west=false]': java.lang.IllegalArgumentException: Cannot compute translucency out of bounds: [0, 5, 7, 17] in 16x16 image
[09:53:19] [Worker-Main-4/WARN]: Unable to bake model: 'Block{mcwfurnitures:stripped_birch_glass_table}[east=false,north=false,south=true,west=false]': java.lang.IllegalArgumentException: Cannot compute translucency out of bounds: [0, 5, 7, 17] in 16x16 image
[09:53:19] [Worker-Main-1/WARN]: Unable to bake model: 'Block{mcwfurnitures:birch_glass_table}[east=true,north=false,south=false,west=false]': java.lang.IllegalArgumentException: Cannot compute translucency out of bounds: [0, 5, 7, 17] in 16x16 image
[09:53:19] [Worker-Main-7/WARN]: Unable to bake model: 'Block{mcwfurnitures:pale_oak_glass_table}[east=true,north=false,south=false,west=false]': java.lang.IllegalArgumentException: Cannot compute translucency out of bounds: [0, 5, 7, 17] in 16x16 image
[09:53:19] [Worker-Main-18/WARN]: Unable to bake model: 'Block{mcwfurnitures:stripped_acacia_glass_table}[east=false,north=true,south=false,west=false]': java.lang.IllegalArgumentException: Cannot compute translucency out of bounds: [0, 5, 7, 17] in 16x16 image
[09:53:19] [Worker-Main-1/WARN]: Unable to bake model: 'Block{mcwfurnitures:stripped_acacia_glass_table}[east=true,north=false,south=false,west=false]': java.lang.IllegalArgumentException: Cannot compute translucency out of bounds: [0, 5, 7, 17] in 16x16 image
[09:53:19] [Worker-Main-6/WARN]: Unable to bake model: 'Block{mcwfurnitures:stripped_cherry_glass_table}[east=false,north=false,south=true,west=false]': java.lang.IllegalArgumentException: Cannot compute translucency out of bounds: [0, 5, 7, 17] in 16x16 image
[09:53:19] [Worker-Main-4/WARN]: Unable to bake model: 'Block{mcwfurnitures:stripped_dark_oak_glass_table}[east=false,north=true,south=false,west=false]': java.lang.IllegalArgumentException: Cannot compute translucency out of bounds: [0, 5, 7, 17] in 16x16 image
[09:53:19] [Worker-Main-1/WARN]: Unable to bake model: 'Block{mcwfurnitures:mangrove_glass_table}[east=true,north=false,south=false,west=false]': java.lang.IllegalArgumentException: Cannot compute translucency out of bounds: [0, 5, 7, 17] in 16x16 image
[09:53:19] [Worker-Main-18/WARN]: Unable to bake model: 'Block{mcwfurnitures:warped_glass_table}[east=false,north=true,south=false,west=false]': java.lang.IllegalArgumentException: Cannot compute translucency out of bounds: [0, 5, 7, 17] in 16x16 image
[09:53:19] [Worker-Main-15/WARN]: Unable to bake model: 'Block{mcwfurnitures:jungle_glass_table}[east=false,north=false,south=false,west=true]': java.lang.IllegalArgumentException: Cannot compute translucency out of bounds: [0, 5, 7, 17] in 16x16 image
[09:53:19] [Worker-Main-8/WARN]: Unable to bake model: 'Block{mcwfurnitures:stripped_warped_glass_table}[east=true,north=false,south=false,west=false]': java.lang.IllegalArgumentException: Cannot compute translucency out of bounds: [0, 5, 7, 17] in 16x16 image
[09:53:19] [Worker-Main-2/WARN]: Unable to bake model: 'Block{mcwfurnitures:stripped_crimson_glass_table}[east=true,north=false,south=false,west=false]': java.lang.IllegalArgumentException: Cannot compute translucency out of bounds: [0, 5, 7, 17] in 16x16 image
[09:53:19] [Worker-Main-8/WARN]: Unable to bake model: 'Block{mcwfurnitures:dark_oak_glass_table}[east=false,north=false,south=true,west=false]': java.lang.IllegalArgumentException: Cannot compute translucency out of bounds: [0, 5, 7, 17] in 16x16 image
[09:53:19] [Worker-Main-10/WARN]: Unable to bake model: 'Block{mcwfurnitures:acacia_glass_table}[east=false,north=true,south=false,west=false]': java.lang.IllegalArgumentException: Cannot compute translucency out of bounds: [0, 5, 7, 17] in 16x16 image
[09:53:19] [Worker-Main-19/WARN]: Unable to bake model: 'Block{mcwfurnitures:warped_glass_table}[east=false,north=false,south=false,west=true]': java.lang.IllegalArgumentException: Cannot compute translucency out of bounds: [0, 5, 7, 17] in 16x16 image
[09:53:19] [Worker-Main-12/WARN]: Unable to bake model: 'Block{mcwfurnitures:stripped_crimson_glass_table}[east=false,north=false,south=true,west=false]': java.lang.IllegalArgumentException: Cannot compute translucency out of bounds: [0, 5, 7, 17] in 16x16 image
[09:53:19] [Worker-Main-9/WARN]: Unable to bake model: 'Block{mcwfurnitures:stripped_spruce_glass_table}[east=false,north=true,south=false,west=false]': java.lang.IllegalArgumentException: Cannot compute translucency out of bounds: [0, 5, 7, 17] in 16x16 image
[09:53:19] [Worker-Main-13/WARN]: Unable to bake model: 'Block{mcwfurnitures:stripped_warped_glass_table}[east=false,north=true,south=false,west=false]': java.lang.IllegalArgumentException: Cannot compute translucency out of bounds: [0, 5, 7, 17] in 16x16 image
[09:53:19] [Worker-Main-15/WARN]: Missing textures in model mcwwindows:item/window_bar:
    mcwwindows:item/window_bar
[09:53:19] [Worker-Main-15/WARN]: Missing texture references in model mcwwindows:block/gothic/iron_bars:
    particle
[09:53:19] [Worker-Main-15/WARN]: Missing model for variant: 'Block{mcwfurnitures:oak_glass_table}[east=true,north=false,south=false,west=false]'
[09:53:19] [Worker-Main-15/WARN]: Missing model for variant: 'Block{mcwfurnitures:oak_glass_table}[east=false,north=true,south=false,west=false]'
[09:53:19] [Worker-Main-15/WARN]: Missing model for variant: 'Block{mcwfurnitures:oak_glass_table}[east=false,north=false,south=true,west=false]'
[09:53:19] [Worker-Main-15/WARN]: Missing model for variant: 'Block{mcwfurnitures:oak_glass_table}[east=false,north=false,south=false,west=true]'
[09:53:19] [Worker-Main-15/WARN]: Missing model for variant: 'Block{mcwfurnitures:birch_glass_table}[east=true,north=false,south=false,west=false]'
[09:53:19] [Worker-Main-15/WARN]: Missing model for variant: 'Block{mcwfurnitures:birch_glass_table}[east=false,north=true,south=false,west=false]'
[09:53:19] [Worker-Main-15/WARN]: Missing model for variant: 'Block{mcwfurnitures:birch_glass_table}[east=false,north=false,south=true,west=false]'
[09:53:19] [Worker-Main-15/WARN]: Missing model for variant: 'Block{mcwfurnitures:birch_glass_table}[east=false,north=false,south=false,west=true]'
[09:53:19] [Worker-Main-15/WARN]: Missing model for variant: 'Block{mcwfurnitures:spruce_glass_table}[east=true,north=false,south=false,west=false]'
[09:53:19] [Worker-Main-15/WARN]: Missing model for variant: 'Block{mcwfurnitures:spruce_glass_table}[east=false,north=true,south=false,west=false]'
[09:53:19] [Worker-Main-15/WARN]: Missing model for variant: 'Block{mcwfurnitures:spruce_glass_table}[east=false,north=false,south=true,west=false]'
[09:53:19] [Worker-Main-15/WARN]: Missing model for variant: 'Block{mcwfurnitures:spruce_glass_table}[east=false,north=false,south=false,west=true]'
[09:53:19] [Worker-Main-15/WARN]: Missing model for variant: 'Block{mcwfurnitures:jungle_glass_table}[east=true,north=false,south=false,west=false]'
[09:53:19] [Worker-Main-15/WARN]: Missing model for variant: 'Block{mcwfurnitures:jungle_glass_table}[east=false,north=true,south=false,west=false]'
[09:53:19] [Worker-Main-15/WARN]: Missing model for variant: 'Block{mcwfurnitures:jungle_glass_table}[east=false,north=false,south=true,west=false]'
[09:53:19] [Worker-Main-15/WARN]: Missing model for variant: 'Block{mcwfurnitures:jungle_glass_table}[east=false,north=false,south=false,west=true]'
[09:53:19] [Worker-Main-15/WARN]: Missing model for variant: 'Block{mcwfurnitures:acacia_glass_table}[east=true,north=false,south=false,west=false]'
[09:53:19] [Worker-Main-15/WARN]: Missing model for variant: 'Block{mcwfurnitures:acacia_glass_table}[east=false,north=true,south=false,west=false]'
[09:53:19] [Worker-Main-15/WARN]: Missing model for variant: 'Block{mcwfurnitures:acacia_glass_table}[east=false,north=false,south=true,west=false]'
[09:53:19] [Worker-Main-15/WARN]: Missing model for variant: 'Block{mcwfurnitures:acacia_glass_table}[east=false,north=false,south=false,west=true]'
[09:53:19] [Worker-Main-15/WARN]: Missing model for variant: 'Block{mcwfurnitures:dark_oak_glass_table}[east=true,north=false,south=false,west=false]'
[09:53:19] [Worker-Main-15/WARN]: Missing model for variant: 'Block{mcwfurnitures:dark_oak_glass_table}[east=false,north=true,south=false,west=false]'
[09:53:19] [Worker-Main-15/WARN]: Missing model for variant: 'Block{mcwfurnitures:dark_oak_glass_table}[east=false,north=false,south=true,west=false]'
[09:53:19] [Worker-Main-15/WARN]: Missing model for variant: 'Block{mcwfurnitures:dark_oak_glass_table}[east=false,north=false,south=false,west=true]'
[09:53:19] [Worker-Main-15/WARN]: Missing model for variant: 'Block{mcwfurnitures:crimson_glass_table}[east=true,north=false,south=false,west=false]'
[09:53:19] [Worker-Main-15/WARN]: Missing model for variant: 'Block{mcwfurnitures:crimson_glass_table}[east=false,north=true,south=false,west=false]'
[09:53:19] [Worker-Main-15/WARN]: Missing model for variant: 'Block{mcwfurnitures:crimson_glass_table}[east=false,north=false,south=true,west=false]'
[09:53:19] [Worker-Main-15/WARN]: Missing model for variant: 'Block{mcwfurnitures:crimson_glass_table}[east=false,north=false,south=false,west=true]'
[09:53:19] [Worker-Main-15/WARN]: Missing model for variant: 'Block{mcwfurnitures:warped_glass_table}[east=true,north=false,south=false,west=false]'
[09:53:19] [Worker-Main-15/WARN]: Missing model for variant: 'Block{mcwfurnitures:warped_glass_table}[east=false,north=true,south=false,west=false]'
[09:53:19] [Worker-Main-15/WARN]: Missing model for variant: 'Block{mcwfurnitures:warped_glass_table}[east=false,north=false,south=true,west=false]'
[09:53:19] [Worker-Main-15/WARN]: Missing model for variant: 'Block{mcwfurnitures:warped_glass_table}[east=false,north=false,south=false,west=true]'
[09:53:19] [Worker-Main-15/WARN]: Missing model for variant: 'Block{mcwfurnitures:mangrove_glass_table}[east=true,north=false,south=false,west=false]'
[09:53:19] [Worker-Main-15/WARN]: Missing model for variant: 'Block{mcwfurnitures:mangrove_glass_table}[east=false,north=true,south=false,west=false]'
[09:53:19] [Worker-Main-15/WARN]: Missing model for variant: 'Block{mcwfurnitures:mangrove_glass_table}[east=false,north=false,south=true,west=false]'
[09:53:19] [Worker-Main-15/WARN]: Missing model for variant: 'Block{mcwfurnitures:mangrove_glass_table}[east=false,north=false,south=false,west=true]'
[09:53:19] [Worker-Main-15/WARN]: Missing model for variant: 'Block{mcwfurnitures:stripped_oak_glass_table}[east=true,north=false,south=false,west=false]'
[09:53:19] [Worker-Main-15/WARN]: Missing model for variant: 'Block{mcwfurnitures:stripped_oak_glass_table}[east=false,north=true,south=false,west=false]'
[09:53:19] [Worker-Main-15/WARN]: Missing model for variant: 'Block{mcwfurnitures:stripped_oak_glass_table}[east=false,north=false,south=true,west=false]'
[09:53:19] [Worker-Main-15/WARN]: Missing model for variant: 'Block{mcwfurnitures:stripped_oak_glass_table}[east=false,north=false,south=false,west=true]'
[09:53:19] [Worker-Main-15/WARN]: Missing model for variant: 'Block{mcwfurnitures:stripped_birch_glass_table}[east=true,north=false,south=false,west=false]'
[09:53:19] [Worker-Main-15/WARN]: Missing model for variant: 'Block{mcwfurnitures:stripped_birch_glass_table}[east=false,north=true,south=false,west=false]'
[09:53:19] [Worker-Main-15/WARN]: Missing model for variant: 'Block{mcwfurnitures:stripped_birch_glass_table}[east=false,north=false,south=true,west=false]'
[09:53:19] [Worker-Main-15/WARN]: Missing model for variant: 'Block{mcwfurnitures:stripped_birch_glass_table}[east=false,north=false,south=false,west=true]'
[09:53:19] [Worker-Main-15/WARN]: Missing model for variant: 'Block{mcwfurnitures:stripped_spruce_glass_table}[east=true,north=false,south=false,west=false]'
[09:53:19] [Worker-Main-15/WARN]: Missing model for variant: 'Block{mcwfurnitures:stripped_spruce_glass_table}[east=false,north=true,south=false,west=false]'
[09:53:19] [Worker-Main-15/WARN]: Missing model for variant: 'Block{mcwfurnitures:stripped_spruce_glass_table}[east=false,north=false,south=true,west=false]'
[09:53:19] [Worker-Main-15/WARN]: Missing model for variant: 'Block{mcwfurnitures:stripped_spruce_glass_table}[east=false,north=false,south=false,west=true]'
[09:53:19] [Worker-Main-15/WARN]: Missing model for variant: 'Block{mcwfurnitures:stripped_jungle_glass_table}[east=true,north=false,south=false,west=false]'
[09:53:19] [Worker-Main-15/WARN]: Missing model for variant: 'Block{mcwfurnitures:stripped_jungle_glass_table}[east=false,north=true,south=false,west=false]'
[09:53:19] [Worker-Main-15/WARN]: Missing model for variant: 'Block{mcwfurnitures:stripped_jungle_glass_table}[east=false,north=false,south=true,west=false]'
[09:53:19] [Worker-Main-15/WARN]: Missing model for variant: 'Block{mcwfurnitures:stripped_jungle_glass_table}[east=false,north=false,south=false,west=true]'
[09:53:19] [Worker-Main-15/WARN]: Missing model for variant: 'Block{mcwfurnitures:stripped_acacia_glass_table}[east=true,north=false,south=false,west=false]'
[09:53:19] [Worker-Main-15/WARN]: Missing model for variant: 'Block{mcwfurnitures:stripped_acacia_glass_table}[east=false,north=true,south=false,west=false]'
[09:53:19] [Worker-Main-15/WARN]: Missing model for variant: 'Block{mcwfurnitures:stripped_acacia_glass_table}[east=false,north=false,south=true,west=false]'
[09:53:19] [Worker-Main-15/WARN]: Missing model for variant: 'Block{mcwfurnitures:stripped_acacia_glass_table}[east=false,north=false,south=false,west=true]'
[09:53:19] [Worker-Main-15/WARN]: Missing model for variant: 'Block{mcwfurnitures:stripped_dark_oak_glass_table}[east=true,north=false,south=false,west=false]'
[09:53:19] [Worker-Main-15/WARN]: Missing model for variant: 'Block{mcwfurnitures:stripped_dark_oak_glass_table}[east=false,north=true,south=false,west=false]'
[09:53:19] [Worker-Main-15/WARN]: Missing model for variant: 'Block{mcwfurnitures:stripped_dark_oak_glass_table}[east=false,north=false,south=true,west=false]'
[09:53:19] [Worker-Main-15/WARN]: Missing model for variant: 'Block{mcwfurnitures:stripped_dark_oak_glass_table}[east=false,north=false,south=false,west=true]'
[09:53:19] [Worker-Main-15/WARN]: Missing model for variant: 'Block{mcwfurnitures:stripped_crimson_glass_table}[east=true,north=false,south=false,west=false]'
[09:53:19] [Worker-Main-15/WARN]: Missing model for variant: 'Block{mcwfurnitures:stripped_crimson_glass_table}[east=false,north=true,south=false,west=false]'
[09:53:19] [Worker-Main-15/WARN]: Missing model for variant: 'Block{mcwfurnitures:stripped_crimson_glass_table}[east=false,north=false,south=true,west=false]'
[09:53:19] [Worker-Main-15/WARN]: Missing model for variant: 'Block{mcwfurnitures:stripped_crimson_glass_table}[east=false,north=false,south=false,west=true]'
[09:53:19] [Worker-Main-15/WARN]: Missing model for variant: 'Block{mcwfurnitures:stripped_warped_glass_table}[east=true,north=false,south=false,west=false]'
[09:53:19] [Worker-Main-15/WARN]: Missing model for variant: 'Block{mcwfurnitures:stripped_warped_glass_table}[east=false,north=true,south=false,west=false]'
[09:53:19] [Worker-Main-15/WARN]: Missing model for variant: 'Block{mcwfurnitures:stripped_warped_glass_table}[east=false,north=false,south=true,west=false]'
[09:53:19] [Worker-Main-15/WARN]: Missing model for variant: 'Block{mcwfurnitures:stripped_warped_glass_table}[east=false,north=false,south=false,west=true]'
[09:53:19] [Worker-Main-15/WARN]: Missing model for variant: 'Block{mcwfurnitures:stripped_mangrove_glass_table}[east=true,north=false,south=false,west=false]'
[09:53:19] [Worker-Main-15/WARN]: Missing model for variant: 'Block{mcwfurnitures:stripped_mangrove_glass_table}[east=false,north=true,south=false,west=false]'
[09:53:19] [Worker-Main-15/WARN]: Missing model for variant: 'Block{mcwfurnitures:stripped_mangrove_glass_table}[east=false,north=false,south=true,west=false]'
[09:53:19] [Worker-Main-15/WARN]: Missing model for variant: 'Block{mcwfurnitures:stripped_mangrove_glass_table}[east=false,north=false,south=false,west=true]'
[09:53:19] [Worker-Main-15/WARN]: Missing model for variant: 'Block{mcwfurnitures:cherry_glass_table}[east=true,north=false,south=false,west=false]'
[09:53:19] [Worker-Main-15/WARN]: Missing model for variant: 'Block{mcwfurnitures:cherry_glass_table}[east=false,north=true,south=false,west=false]'
[09:53:19] [Worker-Main-15/WARN]: Missing model for variant: 'Block{mcwfurnitures:cherry_glass_table}[east=false,north=false,south=true,west=false]'
[09:53:19] [Worker-Main-15/WARN]: Missing model for variant: 'Block{mcwfurnitures:cherry_glass_table}[east=false,north=false,south=false,west=true]'
[09:53:19] [Worker-Main-15/WARN]: Missing model for variant: 'Block{mcwfurnitures:stripped_cherry_glass_table}[east=true,north=false,south=false,west=false]'
[09:53:19] [Worker-Main-15/WARN]: Missing model for variant: 'Block{mcwfurnitures:stripped_cherry_glass_table}[east=false,north=true,south=false,west=false]'
[09:53:19] [Worker-Main-15/WARN]: Missing model for variant: 'Block{mcwfurnitures:stripped_cherry_glass_table}[east=false,north=false,south=true,west=false]'
[09:53:19] [Worker-Main-15/WARN]: Missing model for variant: 'Block{mcwfurnitures:stripped_cherry_glass_table}[east=false,north=false,south=false,west=true]'
[09:53:19] [Worker-Main-15/WARN]: Missing model for variant: 'Block{mcwfurnitures:pale_oak_glass_table}[east=true,north=false,south=false,west=false]'
[09:53:19] [Worker-Main-15/WARN]: Missing model for variant: 'Block{mcwfurnitures:pale_oak_glass_table}[east=false,north=true,south=false,west=false]'
[09:53:19] [Worker-Main-15/WARN]: Missing model for variant: 'Block{mcwfurnitures:pale_oak_glass_table}[east=false,north=false,south=true,west=false]'
[09:53:19] [Worker-Main-15/WARN]: Missing model for variant: 'Block{mcwfurnitures:pale_oak_glass_table}[east=false,north=false,south=false,west=true]'
[09:53:19] [Worker-Main-15/WARN]: Missing model for variant: 'Block{mcwfurnitures:stripped_pale_oak_glass_table}[east=true,north=false,south=false,west=false]'
[09:53:19] [Worker-Main-15/WARN]: Missing model for variant: 'Block{mcwfurnitures:stripped_pale_oak_glass_table}[east=false,north=true,south=false,west=false]'
[09:53:19] [Worker-Main-15/WARN]: Missing model for variant: 'Block{mcwfurnitures:stripped_pale_oak_glass_table}[east=false,north=false,south=true,west=false]'
[09:53:19] [Worker-Main-15/WARN]: Missing model for variant: 'Block{mcwfurnitures:stripped_pale_oak_glass_table}[east=false,north=false,south=false,west=true]'
[09:53:19] [Render thread/WARN]: Resource pack caxton is not compatible with font atlas resizing. Temporarily disabling font atlas resizing.
[09:53:19] [Render thread/INFO]: OpenAL initialized on device OpenAL Soft on 扬声器 (Realtek(R) Audio)
[09:53:19] [Render thread/INFO]: Initializing Sound Physics
[09:53:19] [Render thread/INFO]: EFX Extension recognized
[09:53:19] [Render thread/INFO]: Max auxiliary sends: 4
[09:53:19] [Render thread/INFO]: Aux slot 1 created
[09:53:19] [Render thread/INFO]: Aux slot 2 created
[09:53:19] [Render thread/INFO]: Aux slot 3 created
[09:53:19] [Render thread/INFO]: Aux slot 4 created
[09:53:19] [Render thread/INFO]: EFX ready
[09:53:19] [Render thread/INFO]: Sound engine started
[09:53:19] [Render thread/INFO]: [FANCYMENU] Reloading AudioResourceHandler after Minecraft SoundEngine reload..
[09:53:19] [Render thread/INFO]: Created: 512x256x0 minecraft:textures/atlas/particles.png-atlas
[09:53:19] [Render thread/INFO]: Created: 128x128x0 minecraft:textures/atlas/decorated_pot.png-atlas
[09:53:19] [Render thread/INFO]: Created: 2048x1024x0 minecraft:textures/atlas/armor_trims.png-atlas
[09:53:19] [Render thread/INFO]: Created: 512x512x0 minecraft:textures/atlas/paintings.png-atlas
[09:53:19] [Render thread/INFO]: Created: 1024x512x0 minecraft:textures/atlas/shield_patterns.png-atlas
[09:53:19] [Render thread/INFO]: Created: 4096x4096x4 minecraft:textures/atlas/blocks.png-atlas
[09:53:19] [Render thread/INFO]: Created: 512x512x0 minecraft:textures/atlas/chest.png-atlas
[09:53:19] [Render thread/INFO]: Created: 256x128x0 minecraft:textures/atlas/celestials.png-atlas
[09:53:19] [Render thread/INFO]: Created: 128x64x0 refurbished_furniture:textures/atlas/tv_channels.png-atlas
[09:53:19] [Render thread/INFO]: Created: 1024x512x0 minecraft:textures/atlas/banner_patterns.png-atlas
[09:53:19] [Render thread/INFO]: Created: 512x512x0 minecraft:textures/atlas/beds.png-atlas
[09:53:19] [Render thread/INFO]: Created: 1024x1024x0 minecraft:textures/atlas/items.png-atlas
[09:53:19] [Render thread/INFO]: Created: 4096x2048x0 minecraft:textures/atlas/gui.png-atlas
[09:53:19] [Render thread/INFO]: Created: 128x64x0 minecraft:textures/atlas/map_decorations.png-atlas
[09:53:19] [Render thread/INFO]: Created: 1024x512x0 minecraft:textures/atlas/signs.png-atlas
[09:53:19] [Render thread/INFO]: Created: 512x512x0 minecraft:textures/atlas/shulker_boxes.png-atlas
[09:53:19] [Render thread/INFO]: Cleared layout caches
[09:53:19] [Render thread/INFO]: Clearing glyph atlas with 0 pages and 0 fonts
[09:53:19] [Render thread/INFO]: Cleared rendering caches
[09:53:19] [Render thread/INFO]: Cleared layout caches
[09:53:19] [Render thread/INFO]: Cleared rendering caches
[09:53:20] [Render thread/INFO]: Adding entry for font CaxtonFont[caxton:opensans_regular.ttf@MemorySegment{ kind: native, address: 0x221ad8433c0, byteSize: 0 }]
[09:53:20] [Render thread/INFO]: I am xyz.flirora.caxton.render.CaxtonAtlas@498b3aaa
[09:53:20] [Render thread/INFO]: Adding a new page #0 with range 4, 1 mipmap levels, and linear interpolation
[09:53:20] [Render thread/INFO]: 134480 cache(s) were cleared!
[09:53:20] [Render thread/INFO]: [FANCYMENU] Reloading resources..
[09:53:20] [Render thread/INFO]: [FANCYMENU] Pre-loading resources..
[09:53:20] [Render thread/INFO]: Created: 1024x1024x0 jei:textures/atlas/gui.png-atlas
[09:53:20] [Render thread/INFO]: Forcing leaf culling as requested by resourcepack
[09:53:20] [Render thread/INFO]: [FANCYMENU] Sound engine reload detected. Releasing cached audio resources.
[09:53:20] [Render thread/INFO]: [FANCYMENU] Forced native video background reload after sound engine reload. backgroundsReset: 8, stoppedPlayers: 0, videoResourcesReleased: 0
[09:53:20] [Render thread/INFO]: [FANCYMENU] Minecraft resource reload: FINISHED
[09:53:20] [Render thread/INFO]: [ETF]: reloading ETF data.
[09:53:20] [Render thread/INFO]: [ETF]: emissive suffixes loaded: [_e]
[09:53:20] [Render thread/INFO]: [ETF]: emissive suffixes loaded: [_e]
[09:53:20] [Render thread/INFO]: [STDOUT]: OpenGL Version: 3.3.0 NVIDIA 596.49
[09:53:20] [Render thread/INFO]: [FANCYMENU] ScreenCustomizationLayer registered: title_screen
[09:53:20] [Render thread/INFO]: Creating pipeline for dimension minecraft:overworld
[09:53:20] [Render thread/INFO]: [me.cx.vy.ct.is.IrisShaderPatch]: External opaque shader patch applied
[09:53:20] [Render thread/INFO]: [me.cx.vy.ct.is.IrisShaderPatch]: External translucent shader patch applied
[09:53:21] [Render thread/INFO]: BlockModelCacheSchematic: refreshing model cache
[09:53:26] [Render thread/INFO]: [FANCYMENU] ScreenCustomizationLayer registered: select_world_screen
[09:53:27] [Render thread/INFO]: Adding entry for font CaxtonFont[caxton:opensans_italic.ttf@MemorySegment{ kind: native, address: 0x221ad842580, byteSize: 0 }]
[09:53:34] [Render thread/INFO]: [FANCYMENU] ScreenCustomizationLayer registered: generic_dirt_message_screen
[09:53:35] [Worker-Main-10/INFO]: Registering commands with com.sk89q.worldedit.fabric.internal.FabricPlatform
[09:53:36] [Render thread/INFO]: Loaded 6433 recipes
[09:53:36] [Render thread/INFO]: Loaded 3751 advancements
[09:53:36] [Render thread/INFO]: Building tag cache.
[09:53:36] [Render thread/INFO]: Stopping JEI
[09:53:36] [Render thread/INFO]: Stopping JEI
[09:53:36] [Render thread/INFO]: Sending Runtime Unavailable...
[09:53:36] [Render thread/INFO]: Stopping JEI GUI
[09:53:36] [Render thread/INFO]: Sending Runtime Unavailable took 247.6 microseconds
[09:53:36] [Render thread/INFO]: [FANCYMENU] ScreenCustomizationLayer registered: progress_screen
[09:53:36] [Render thread/INFO]: [ETF]: emissive suffixes loaded: [_e]
[09:53:36] [Render thread/INFO]: [FANCYMENU] ScreenCustomizationLayer registered: level_loading_screen
[09:53:36] [Render thread/INFO]: Initialized TerraBlender biomes for level stem minecraft:the_nether
[09:53:36] [Render thread/INFO]: Initialized TerraBlender biomes for level stem minecraft:overworld
[09:53:36] [Render thread/INFO]: Applied 194 biome modifications to 97 of 134 new biomes in 6.888 ms
[09:53:36] [Server thread/INFO]: Dispatching loading event for config easymagic-server.toml
[09:53:36] [Server thread/INFO]: Dispatching loading event for config fastitemframes-server.toml
[09:53:36] [Server thread/INFO]: Dispatching loading event for config pickupnotifier-server.toml
[09:53:36] [Server thread/INFO]: Dispatching loading event for config universalenchants-server.toml
[09:53:36] [Server thread/INFO]: Async Setting up thread-pool...
[09:53:36] [Server thread/INFO]: Initialized Pool with 20 threads
[09:53:36] [Server thread/INFO]: Loading server configs...
[09:53:36] [Server thread/INFO]: Starting background profiler...
[09:53:36] [Server thread/INFO]: The async-profiler engine is not supported for your os/arch (windows11/amd64), so the built-in Java engine will be used instead.
[09:53:36] [Server thread/INFO]: Starting integrated minecraft server version 26.1.2
[09:53:36] [Server thread/INFO]: Generating keypair
[09:53:36] [Server thread/WARN]: Cancelled mixin com.ishland.c2me.fixes.general.threading_issues.mixin.asynccatchers.MixinThreadedAnvilChunkStorage. Check debug logs for more information.
[09:53:37] [Server thread/INFO]: [STDOUT]: Density function compilation finished in 498.9 ms
[09:53:37] [Server thread/INFO]: [STDOUT]: [ScalableLux] Lighting scaling is enabled in externally managed mode
[09:53:37] [Server thread/INFO]: Changing watch distance to 10
[09:53:37] [Server thread/INFO]: Using TheSpeedyObjectFactory with Unsafe
[09:53:37] [Server thread/INFO]: [STDOUT]: Density function compilation finished in 17.94 ms
[09:53:37] [Server thread/INFO]: Changing watch distance to 10
[09:53:38] [Server thread/INFO]: [STDOUT]: Density function compilation finished in 13.41 ms
[09:53:38] [Server thread/INFO]: Changing watch distance to 10
[09:53:38] [Server thread/INFO]: Loading 0 persistent chunks...
[09:53:38] [Server thread/INFO]: 准备生成区域中：16%
[09:53:38] [Server thread/INFO]: Saving chunks for level 'ServerLevel[新的世界]'/minecraft:overworld
[09:53:38] [Server thread/INFO]: Saving chunks for level 'ServerLevel[新的世界]'/minecraft:the_end
[09:53:38] [Server thread/INFO]: Saving chunks for level 'ServerLevel[新的世界]'/minecraft:the_nether
[09:53:38] [Server thread/INFO]: ThreadedAnvilChunkStorage (world): All chunks are saved
[09:53:38] [Server thread/INFO]: ThreadedAnvilChunkStorage (DIM1): All chunks are saved
[09:53:38] [Server thread/INFO]: ThreadedAnvilChunkStorage (DIM-1): All chunks are saved
[09:53:38] [Server thread/INFO]: ThreadedAnvilChunkStorage: All dimensions are saved
[09:53:39] [Server thread/INFO]: Loading 0 chunks for player spawn...
[09:53:39] [Server thread/INFO]: 准备生成区域中：16%
[09:53:39] [Server thread/INFO]: 准备生成区域中：16%
[09:53:39] [Server thread/INFO]: 准备生成区域中：16%
[09:53:39] [Server thread/INFO]: Time elapsed: 1709 ms
[09:53:39] [Render thread/INFO]: Building tag cache.
[09:53:39] [Render thread/INFO]: Joined server with c2me:ext_render_distance_v1 support
[09:53:40] [Server thread/INFO]: 366862732[local:E:e9551ddc] logged in with entity id 1 at (-2042.7279505169902, 397.6181391245428, 4332.800631624143)
[09:53:40] [Render thread/INFO]: [me.cx.vy.cl.VoxyInstance]: Initializing voxy instance
[09:53:40] [Render thread/INFO]: [me.cx.vy.cl.VoxyInstance]: Dedicated voxy thread pool size: 12
[09:53:40] [Server thread/INFO]: 366862732加入了游戏
[09:53:40] [Render thread/INFO]: Reloading pipeline on dimension change: minecraft:overworld => minecraft:overworld
[09:53:40] [Render thread/INFO]: Destroying pipeline minecraft:overworld
[09:53:40] [Render thread/INFO]: Creating pipeline for dimension minecraft:overworld
[09:53:40] [Render thread/INFO]: [me.cx.vy.cl.VoxyInstance]: Creating new world engine: 1523795178166248712@1406903749
[09:53:40] [Server thread/INFO]: Changing simulation distance to 5, from 0
[09:53:40] [Render thread/INFO]: [me.cx.vy.ct.ce.VoxyRenderSystem]: Creating Voxy render system
[09:53:41] [Render thread/INFO]: [me.cx.vy.ct.ce.RenderResourceReuse]: Running on nvidia, using workaround sparse buffer allocation
[09:53:41] [Render thread/INFO]: [me.cx.vy.ct.ce.RenderResourceReuse]: Allocated new geometry buffer: 4294966272, isSparse: true, driver stated 9963Mb of free memory
[09:53:41] [Render thread/INFO]: [me.cx.vy.ct.ce.RenderPipelineFactory]: Creating voxy iris render pipeline
[09:53:42] [Render thread/INFO]: [me.cx.vy.ct.ce.VoxyRenderSystem]: Voxy render system created with 4294966272 geometry capacity, using pipeline 'IrisVoxyRenderPipeline' with renderer 'MDICSectionRenderer'
[09:53:42] [Render thread/WARN]: @ModifyVariable(@At("HEAD")) Shift.BY=1 on sspb.mixins.json:sodium.SmoothLightPipelineMixin from mod sspb::localvar$hbd000$sspb$modifyApplyInsetPartialFaceVertexN2d exceeds the maximum allowed value: 0. Increase the value of maxShiftBy to suppress this warning.
[09:53:42] [Render thread/INFO]: Started 10 worker threads
[09:53:42] [Render thread/INFO]: [me.cx.vy.cl.VoxyInstance]: Dedicated voxy thread pool size: 2
[09:53:42] [Render thread/INFO]: BlockModelCacheSchematic: refreshing model cache
[09:53:42] [Render thread/WARN]: Unable to read property: west with value: "false" for blockstate: {Name:"minecraft:cobblestone_wall",Properties:{east:"false",north:"false",south:"false",up:"false",west:"false"}}
[09:53:42] [Render thread/WARN]: Unable to read property: east with value: "false" for blockstate: {Name:"minecraft:cobblestone_wall",Properties:{east:"false",north:"false",south:"false",up:"false",west:"false"}}
[09:53:42] [Render thread/WARN]: Unable to read property: south with value: "false" for blockstate: {Name:"minecraft:cobblestone_wall",Properties:{east:"false",north:"false",south:"false",up:"false",west:"false"}}
[09:53:42] [Render thread/WARN]: Unable to read property: north with value: "false" for blockstate: {Name:"minecraft:cobblestone_wall",Properties:{east:"false",north:"false",south:"false",up:"false",west:"false"}}
[09:53:42] [Render thread/WARN]: Unable to read property: west with value: "false" for blockstate: {Name:"minecraft:mossy_cobblestone_wall",Properties:{east:"false",north:"false",south:"false",up:"false",west:"false"}}
[09:53:42] [Render thread/WARN]: Unable to read property: east with value: "false" for blockstate: {Name:"minecraft:mossy_cobblestone_wall",Properties:{east:"false",north:"false",south:"false",up:"false",west:"false"}}
[09:53:42] [Render thread/WARN]: Unable to read property: south with value: "false" for blockstate: {Name:"minecraft:mossy_cobblestone_wall",Properties:{east:"false",north:"false",south:"false",up:"false",west:"false"}}
[09:53:42] [Render thread/WARN]: Unable to read property: north with value: "false" for blockstate: {Name:"minecraft:mossy_cobblestone_wall",Properties:{east:"false",north:"false",south:"false",up:"false",west:"false"}}
[09:53:42] [Render thread/INFO]: Starting [2] Placement Manager Daemon threads
[09:53:42] [Render thread/INFO]: [ShulkerBoxTooltip Plugins] Loading 1 plugin: shulkerboxtooltip
[09:53:42] [Render thread/INFO]: [ShulkerBoxTooltip Plugins] Registered 20 color keys for mod shulkerboxtooltip
[09:53:42] [Render thread/INFO]: [ShulkerBoxTooltip Plugins] Registered 51 providers for mod shulkerboxtooltip
[09:53:42] [Render thread/INFO]: Registering client commands
[09:53:42] [Server thread/INFO]: [FANCYMENU] A client with FancyMenu installed joined the server: 366862732
[09:53:42] [Render thread/WARN]: [me.cx.vy.cl.is.DHImporter]: Unable to load sqlite JDBC or lzma decompressor, DHImporting wont be available
[09:53:43] [Render thread/INFO]: Starting JEI...
[09:53:43] [Render thread/INFO]: Registering item subtypes...
[09:53:43] [Render thread/INFO]: Registering item subtypes took 1.434 milliseconds
[09:53:43] [Render thread/INFO]: Registering fluid subtypes...
[09:53:43] [Render thread/INFO]: Registering fluid subtypes took 519.8 microseconds
[09:53:43] [Render thread/INFO]: Registering ingredients...
[09:53:43] [Render thread/INFO]: Registering ingredients: jei:minecraft took 45.30 milliseconds
[09:53:43] [Render thread/INFO]: Registering ingredients took 45.55 milliseconds
[09:53:43] [Render thread/INFO]: Registering extra ingredients...
[09:53:43] [Render thread/INFO]: Registering extra ingredients took 139.0 microseconds
[09:53:43] [Render thread/INFO]: Registering search ingredient aliases...
[09:53:43] [Render thread/INFO]: Registering search ingredient aliases took 235.5 microseconds
[09:53:43] [Render thread/INFO]: Registering Mod Info...
[09:53:43] [Render thread/INFO]: Registering Mod Info took 171.5 microseconds
[09:53:43] [Render thread/INFO]: Registering categories...
[09:53:43] [Render thread/INFO]: Registering categories took 13.59 milliseconds
[09:53:43] [Render thread/INFO]: Registering vanilla category extensions...
[09:53:43] [Render thread/INFO]: Registering vanilla category extensions took 985.0 microseconds
[09:53:43] [Render thread/INFO]: Registering recipe catalysts...
[09:53:43] [Render thread/INFO]: Registering recipe catalysts took 581.1 microseconds
[09:53:43] [Render thread/INFO]: Building recipe registry...
[09:53:43] [Render thread/INFO]: Building recipe registry took 6.871 milliseconds
[09:53:43] [Render thread/INFO]: Registering advanced plugins...
[09:53:43] [Render thread/INFO]: Registering advanced plugins took 146.4 microseconds
[09:53:43] [Render thread/INFO]: Registering recipes...
[09:53:43] [Render thread/INFO]: Registering recipes: jei:minecraft took 218.1 milliseconds
[09:53:43] [Render thread/INFO]: Registering recipes: farmersdelight:jei_plugin took 26.19 milliseconds
[09:53:43] [Render thread/INFO]: Registering recipes took 245.1 milliseconds
[09:53:43] [Render thread/INFO]: Registering recipes transfer handlers...
[09:53:43] [Render thread/INFO]: Registering recipes transfer handlers took 1.162 milliseconds
[09:53:43] [Render thread/INFO]: Building runtime...
[09:53:43] [Render thread/INFO]: Registering gui handlers...
[09:53:43] [Render thread/INFO]: Registering gui handlers took 5.361 milliseconds
[09:53:43] [Render thread/INFO]: Registering Runtime...
[09:53:43] [Render thread/INFO]: Starting JEI GUI
[09:53:43] [Render thread/INFO]: Building ingredient list...
[09:53:43] [Render thread/INFO]: Building ingredient list took 16.87 milliseconds
[09:53:43] [Render thread/INFO]: Building ingredient filter...
[09:53:43] [Render thread/INFO]: Adding 6452 ingredients
[09:53:43] [Render thread/INFO]: Added 6452 ingredients
[09:53:43] [Render thread/INFO]: Building ingredient filter took 154.9 milliseconds
[09:53:43] [Render thread/INFO]: Registering Runtime: jei:fabric_gui took 218.7 milliseconds
[09:53:43] [Render thread/INFO]: Registering Runtime took 218.9 milliseconds
[09:53:43] [Render thread/INFO]: Building runtime took 226.7 milliseconds
[09:53:43] [Render thread/INFO]: Sending Runtime...
[09:53:43] [Render thread/INFO]: Sending Runtime took 208.8 microseconds
[09:53:43] [Render thread/INFO]: Starting JEI took 566.7 milliseconds
[09:53:43] [Render thread/INFO]: [do_a_barrel_roll] Received config from server
[09:53:43] [Server thread/INFO]: [do_a_barrel_roll] Client of 366862732 accepted server config.
[09:53:43] [Render thread/INFO]: Loaded 174 advancements
[09:53:43] [Render thread/INFO]: Joined server with c2me:ext_render_distance_v1 support
[09:53:43] [Render thread/INFO]: [ShulkerBoxTooltip] Server integration enabled, attempting handshake...
[09:53:43] [Render thread/INFO]: Changing view distance to 10 (play stage)
[09:53:43] [Server thread/INFO]: [ShulkerBoxTooltip] 366862732: protocol version: 2.0
[09:53:43] [Render thread/INFO]: [FANCYMENU] Connected to a server with FancyMenu installed: local_lan_world
[09:53:43] [Render thread/INFO]: [FANCYMENU] ScreenCustomizationLayer registered: pause_screen
[09:53:43] [Render thread/INFO]: [me.cx.vy.ct.ce.VoxyRenderSystem]: Flushing download stream
[09:53:43] [Render thread/INFO]: [me.cx.vy.ct.ce.VoxyRenderSystem]: Shutting down rendering
[09:53:43] [Render thread/INFO]: [me.cx.vy.ct.ce.VoxyRenderSystem]: Shutting down render pipeline
[09:53:43] [Render thread/INFO]: [me.cx.vy.ct.ce.VoxyRenderSystem]: Flushing download stream
[09:53:43] [Render thread/INFO]: [me.cx.vy.ct.ce.VoxyRenderSystem]: Render shutdown completed
[09:53:43] [Render thread/INFO]: [me.cx.vy.ct.ce.VoxyRenderSystem]: Creating Voxy render system
[09:53:44] [Render thread/INFO]: [me.cx.vy.ct.ce.RenderPipelineFactory]: Creating voxy iris render pipeline
[09:53:44] [Render thread/INFO]: [me.cx.vy.ct.ce.VoxyRenderSystem]: Voxy render system created with 4294966272 geometry capacity, using pipeline 'IrisVoxyRenderPipeline' with renderer 'MDICSectionRenderer'
[09:53:44] [Render thread/INFO]: Stopping worker threads
[09:53:44] [Render thread/INFO]: Started 10 worker threads
[09:53:44] [Render thread/INFO]: Resizing Dynamic Transforms UBO, capacity limit of 2 reached during a single frame. New capacity will be 4.
[09:53:44] [Render thread/INFO]: Resizing Dynamic Transforms UBO, capacity limit of 4 reached during a single frame. New capacity will be 8.
[09:53:44] [Render thread/INFO]: [ShulkerBoxTooltip] Handshake succeeded
[09:53:44] [Render thread/INFO]: [ShulkerBoxTooltip] Server protocol version: 2.0
[09:53:44] [Server thread/INFO]: Saving and pausing game...
[09:53:44] [Server thread/INFO]: Saving chunks for level 'ServerLevel[新的世界]'/minecraft:overworld
[09:53:44] [Render thread/INFO]: Resizing Dynamic Transforms UBO, capacity limit of 8 reached during a single frame. New capacity will be 16.
[09:53:44] [Server thread/INFO]: Saving chunks for level 'ServerLevel[新的世界]'/minecraft:the_end
[09:53:44] [Server thread/INFO]: Saving chunks for level 'ServerLevel[新的世界]'/minecraft:the_nether
[09:53:48] [Async Node Manager/INFO]: [me.cx.vy.ct.ce.rg.hl.AsyncNodeManager$ComputeMemoryCopy]: Resizing scratch data buffer to: 2097152
[09:53:48] [Async Node Manager/INFO]: [me.cx.vy.ct.ce.rg.hl.AsyncNodeManager$SyncResults]: Expanding scatter update buffer to 24720
[09:53:48] [Async Node Manager/INFO]: [me.cx.vy.ct.ce.rg.hl.AsyncNodeManager$ComputeMemoryCopy]: Resizing scratch data buffer to: 4194304
[09:53:49] [Async Node Manager/INFO]: [me.cx.vy.ct.ce.rg.hl.AsyncNodeManager$ComputeMemoryCopy]: Resizing scratch data buffer to: 2097152
[09:53:49] [Async Node Manager/INFO]: [me.cx.vy.ct.ce.rg.hl.AsyncNodeManager$ComputeMemoryCopy]: Resizing scratch data buffer to: 4194304
[09:53:49] [Async Node Manager/INFO]: [me.cx.vy.ct.ce.rg.hl.AsyncNodeManager$SyncResults]: Expanding scatter update buffer to 24720
[09:53:50] [Render thread/INFO]: [FANCYMENU] ScreenCustomizationLayer registered: chat_screen
[09:53:50] [Async Node Manager/INFO]: [me.cx.vy.ct.ce.rg.hl.AsyncNodeManager$SyncResults]: Expanding scatter update buffer to 37200
[09:53:55] [Server thread/INFO]: [366862732: 已将minecraft:overworld调至时间标记minecraft:day的时刻]
[09:53:55] [Render thread/INFO]: [System] [CHAT] 已将minecraft:overworld调至时间标记minecraft:day的时刻
[09:54:01] [Render thread/INFO]: Loaded 175 advancements
[09:54:02] [Render thread/INFO]: Loaded 175 advancements
[09:54:02] [Render thread/INFO]: Loaded 175 advancements
[09:54:02] [Render thread/INFO]: Loaded 175 advancements
[09:54:02] [Render thread/INFO]: Loaded 176 advancements
[09:54:02] [Render thread/INFO]: Loaded 176 advancements
[09:54:03] [Render thread/INFO]: Loaded 176 advancements
[09:54:03] [Render thread/INFO]: Loaded 176 advancements
[09:54:03] [Render thread/INFO]: Loaded 176 advancements
[09:54:03] [Render thread/INFO]: Loaded 176 advancements
[09:54:04] [Render thread/INFO]: Loaded 176 advancements
[09:54:04] [Render thread/INFO]: Loaded 176 advancements
[09:54:04] [Render thread/INFO]: Loaded 176 advancements
[09:54:04] [Render thread/INFO]: Loaded 176 advancements
[09:54:04] [Render thread/INFO]: [FANCYMENU] ScreenCustomizationLayer registered: inventory_screen
[09:54:04] [Render thread/INFO]: [FANCYMENU] ScreenCustomizationLayer registered: creative_mode_inventory_screen
[09:54:05] [Render thread/INFO]: Forgot about advancement vanilla_refresh:player/fall_super_high
[09:54:05] [Render thread/INFO]: Forgot about advancement vanilla_refresh:player/fall_high
[09:54:05] [Render thread/WARN]: Told to remove advancement vanilla_refresh:player/fall_super_high but I don't know what that is
[09:54:05] [Render thread/INFO]: Loaded 174 advancements
[09:54:09] [Server thread/INFO]: [366862732: 已将366862732传送至-2042.727951, 11000.000000, 4332.800632]
[09:54:09] [Render thread/INFO]: [System] [CHAT] 已将366862732传送至-2042.727951, 11000.000000, 4332.800632
[09:54:10] [Render thread/INFO]: Loaded 175 advancements
[09:54:10] [Render thread/INFO]: Loaded 175 advancements
[09:54:10] [Render thread/INFO]: Forgot about advancement vanilla_refresh:player/fall_high
[09:54:10] [Render thread/INFO]: Loaded 174 advancements
[09:54:11] [Render thread/INFO]: [FANCYMENU] ScreenCustomizationLayer registered: net.irisshaders.iris.gui.screen.ShaderPackScreen
[09:54:12] [Render thread/INFO]: Adding entry for font CaxtonFont[caxton:opensans_bold.ttf@MemorySegment{ kind: native, address: 0x221ad845e80, byteSize: 0 }]
[09:54:12] [Server thread/INFO]: Saving and pausing game...
[09:54:12] [Server thread/INFO]: Saving chunks for level 'ServerLevel[新的世界]'/minecraft:overworld
[09:54:12] [Server thread/INFO]: Saving chunks for level 'ServerLevel[新的世界]'/minecraft:the_end
[09:54:12] [Server thread/INFO]: Saving chunks for level 'ServerLevel[新的世界]'/minecraft:the_nether
[09:54:14] [Render thread/INFO]: Destroying pipeline minecraft:overworld
[09:54:14] [Render thread/INFO]: Profile: Custom (+24 options changed by user)
[09:54:14] [Render thread/INFO]: [me.cx.vy.ct.is.IrisShaderPatch]: External opaque shader patch applied
[09:54:14] [Render thread/INFO]: [me.cx.vy.ct.is.IrisShaderPatch]: External translucent shader patch applied
[09:54:14] [Render thread/INFO]: Using shaderpack: Helian-MMCO_v0.6.14_Sundial-lite_edit.zip
[09:54:14] [Render thread/INFO]: Creating pipeline for dimension minecraft:overworld
[09:54:15] [Render thread/INFO]: [me.cx.vy.ct.ce.VoxyRenderSystem]: Flushing download stream
[09:54:15] [Render thread/INFO]: [me.cx.vy.ct.ce.VoxyRenderSystem]: Shutting down rendering
[09:54:15] [Render thread/INFO]: [me.cx.vy.ct.ce.VoxyRenderSystem]: Shutting down render pipeline
[09:54:15] [Render thread/INFO]: [me.cx.vy.ct.ce.VoxyRenderSystem]: Flushing download stream
[09:54:15] [Render thread/INFO]: [me.cx.vy.ct.ce.VoxyRenderSystem]: Render shutdown completed
[09:54:15] [Render thread/INFO]: [me.cx.vy.ct.ce.VoxyRenderSystem]: Creating Voxy render system
[09:54:15] [Render thread/INFO]: [me.cx.vy.ct.ce.RenderPipelineFactory]: Creating voxy iris render pipeline
[09:54:15] [Render thread/INFO]: [me.cx.vy.ct.ce.VoxyRenderSystem]: Voxy render system created with 4294966272 geometry capacity, using pipeline 'IrisVoxyRenderPipeline' with renderer 'MDICSectionRenderer'
[09:54:15] [Render thread/INFO]: Stopping worker threads
[09:54:15] [Render thread/INFO]: Started 10 worker threads
[09:54:15] [Render thread/INFO]: [me.cx.vy.ct.ce.VoxyRenderSystem]: Flushing download stream
[09:54:15] [Render thread/INFO]: [me.cx.vy.ct.ce.VoxyRenderSystem]: Shutting down rendering
[09:54:15] [Render thread/INFO]: [me.cx.vy.ct.ce.VoxyRenderSystem]: Shutting down render pipeline
[09:54:15] [Render thread/INFO]: [me.cx.vy.ct.ce.VoxyRenderSystem]: Flushing download stream
[09:54:15] [Render thread/INFO]: [me.cx.vy.ct.ce.VoxyRenderSystem]: Render shutdown completed
[09:54:15] [Render thread/INFO]: [me.cx.vy.ct.ce.VoxyRenderSystem]: Creating Voxy render system
[09:54:16] [Render thread/INFO]: [me.cx.vy.ct.ce.RenderPipelineFactory]: Creating voxy iris render pipeline
[09:54:16] [Render thread/INFO]: [me.cx.vy.ct.ce.VoxyRenderSystem]: Voxy render system created with 4294966272 geometry capacity, using pipeline 'IrisVoxyRenderPipeline' with renderer 'MDICSectionRenderer'
[09:54:16] [Render thread/INFO]: Stopping worker threads
[09:54:16] [Render thread/INFO]: Started 10 worker threads
[09:54:29] [Cicada thread 0/INFO]: [do_a_barrel_roll] Why play a flight sim when you have modded Minecraft?
[09:54:30] [Async Node Manager/INFO]: [me.cx.vy.ct.ce.rg.hl.AsyncNodeManager$ComputeMemoryCopy]: Resizing scratch data buffer to: 2097152
[09:54:30] [Async Node Manager/INFO]: [me.cx.vy.ct.ce.rg.hl.AsyncNodeManager$ComputeMemoryCopy]: Resizing scratch data buffer to: 4194304
[09:54:30] [Async Node Manager/INFO]: [me.cx.vy.ct.ce.rg.hl.AsyncNodeManager$SyncResults]: Expanding scatter update buffer to 24720
[09:54:41] [Render thread/INFO]: [System] [CHAT] 已将截图保存为2026-05-30_09.54.41.png
[09:54:43] [Render thread/INFO]: Loaded 175 advancements
[09:54:44] [Render thread/INFO]: Loaded 175 advancements
[09:54:44] [Render thread/INFO]: Loaded 175 advancements
[09:54:44] [Render thread/INFO]: Loaded 175 advancements
[09:54:44] [Render thread/INFO]: Loaded 176 advancements
[09:54:44] [Render thread/INFO]: Loaded 176 advancements
[09:54:45] [Render thread/INFO]: Loaded 176 advancements
[09:54:45] [Render thread/INFO]: Loaded 176 advancements
[09:54:45] [Render thread/INFO]: Loaded 176 advancements
[09:54:45] [Render thread/INFO]: Loaded 176 advancements
[09:54:46] [Render thread/INFO]: Loaded 176 advancements
[09:54:46] [Render thread/INFO]: Loaded 176 advancements
[09:54:46] [Render thread/INFO]: Loaded 176 advancements
[09:54:46] [Render thread/INFO]: Loaded 176 advancements
[09:54:47] [Render thread/INFO]: Loaded 176 advancements
[09:54:47] [Render thread/INFO]: Loaded 176 advancements
[09:54:47] [Render thread/INFO]: Loaded 176 advancements
[09:54:47] [Render thread/INFO]: Loaded 176 advancements
[09:54:48] [Render thread/INFO]: Loaded 176 advancements
[09:54:48] [Render thread/INFO]: Loaded 176 advancements
[09:54:48] [Render thread/INFO]: Loaded 176 advancements
[09:54:48] [Render thread/INFO]: Loaded 176 advancements
[09:54:49] [Render thread/INFO]: Loaded 176 advancements
[09:54:49] [Render thread/INFO]: Loaded 176 advancements
[09:54:49] [Render thread/INFO]: Loaded 176 advancements
[09:54:49] [Render thread/INFO]: Loaded 176 advancements
[09:54:50] [Render thread/INFO]: Loaded 176 advancements
[09:54:50] [Render thread/INFO]: Loaded 176 advancements
[09:54:50] [Render thread/INFO]: Loaded 176 advancements
[09:54:50] [Render thread/INFO]: Loaded 176 advancements
[09:54:51] [Render thread/INFO]: Loaded 176 advancements
[09:54:51] [Render thread/INFO]: Loaded 176 advancements
[09:54:51] [Render thread/INFO]: Loaded 176 advancements
[09:54:51] [Render thread/INFO]: Loaded 176 advancements
[09:54:52] [Render thread/INFO]: Loaded 176 advancements
[09:54:52] [Render thread/INFO]: Loaded 176 advancements
[09:54:52] [Render thread/INFO]: Loaded 176 advancements
[09:54:52] [Render thread/INFO]: Loaded 176 advancements
[09:54:53] [Render thread/INFO]: Loaded 176 advancements
[09:54:53] [Render thread/INFO]: Loaded 176 advancements
[09:54:53] [Render thread/INFO]: Loaded 176 advancements
[09:54:53] [Render thread/INFO]: Loaded 176 advancements
[09:54:54] [Render thread/INFO]: Loaded 176 advancements
[09:54:54] [Render thread/INFO]: Loaded 176 advancements
[09:54:54] [Render thread/INFO]: Loaded 176 advancements
[09:54:54] [Render thread/INFO]: Loaded 176 advancements
[09:54:55] [Render thread/INFO]: Loaded 176 advancements
[09:54:55] [Render thread/INFO]: Loaded 176 advancements
[09:54:55] [Render thread/INFO]: Loaded 176 advancements
[09:54:55] [Render thread/INFO]: Loaded 176 advancements
[09:54:56] [Render thread/INFO]: Loaded 176 advancements
[09:54:56] [Render thread/INFO]: Loaded 176 advancements
[09:54:56] [Render thread/INFO]: Loaded 176 advancements
[09:54:56] [Render thread/INFO]: Loaded 176 advancements
[09:54:57] [Render thread/INFO]: Loaded 176 advancements
[09:54:57] [Render thread/INFO]: Loaded 176 advancements
[09:54:57] [Render thread/INFO]: Loaded 176 advancements
[09:54:57] [Render thread/INFO]: Loaded 176 advancements
[09:54:58] [Render thread/INFO]: Loaded 176 advancements
[09:54:58] [Render thread/INFO]: Loaded 176 advancements
[09:54:58] [Render thread/INFO]: Loaded 176 advancements
[09:54:58] [Render thread/INFO]: Loaded 176 advancements
[09:54:59] [Render thread/INFO]: Loaded 176 advancements
[09:54:59] [Render thread/INFO]: Loaded 176 advancements
[09:54:59] [Render thread/INFO]: Loaded 176 advancements
[09:54:59] [Render thread/INFO]: Loaded 176 advancements
[09:55:00] [Render thread/INFO]: Loaded 176 advancements
[09:55:00] [Render thread/INFO]: Loaded 176 advancements
[09:55:00] [Render thread/INFO]: Loaded 176 advancements
[09:55:00] [Render thread/INFO]: Loaded 176 advancements
[09:55:01] [Render thread/INFO]: Loaded 176 advancements
[09:55:01] [Render thread/INFO]: Loaded 176 advancements
[09:55:01] [Render thread/INFO]: Loaded 176 advancements
[09:55:01] [Render thread/INFO]: Loaded 176 advancements
[09:55:02] [Render thread/INFO]: Loaded 176 advancements
[09:55:02] [Render thread/INFO]: Loaded 176 advancements
[09:55:02] [Async Node Manager/INFO]: [me.cx.vy.ct.ce.rg.hl.AsyncNodeManager$ComputeMemoryCopy]: Resizing scratch data buffer to: 2097152
[09:55:02] [Async Node Manager/INFO]: [me.cx.vy.ct.ce.rg.hl.AsyncNodeManager$ComputeMemoryCopy]: Resizing scratch data buffer to: 4194304
[09:55:02] [Async Node Manager/INFO]: [me.cx.vy.ct.ce.rg.hl.AsyncNodeManager$SyncResults]: Expanding scatter update buffer to 24800
[09:55:02] [Render thread/INFO]: Loaded 176 advancements
[09:55:02] [Render thread/INFO]: Loaded 176 advancements
[09:55:03] [Render thread/INFO]: Loaded 176 advancements
[09:55:03] [Render thread/INFO]: Loaded 176 advancements
[09:55:03] [Render thread/INFO]: Loaded 176 advancements
[09:55:03] [Render thread/INFO]: Loaded 176 advancements
[09:55:04] [Render thread/INFO]: Loaded 176 advancements
[09:55:04] [Render thread/INFO]: Loaded 176 advancements
[09:55:04] [Async Node Manager/INFO]: [me.cx.vy.ct.ce.rg.hl.AsyncNodeManager$SyncResults]: Expanding scatter update buffer to 37280
[09:55:04] [Render thread/INFO]: Loaded 176 advancements
[09:55:04] [Render thread/INFO]: Loaded 176 advancements
[09:55:05] [Render thread/INFO]: Loaded 176 advancements
[09:55:05] [Render thread/INFO]: Loaded 176 advancements
[09:55:05] [Render thread/INFO]: Loaded 176 advancements
[09:55:05] [Render thread/INFO]: Forgot about advancement vanilla_refresh:player/fall_super_high
[09:55:05] [Render thread/INFO]: Loaded 175 advancements
[09:55:06] [Render thread/INFO]: Loaded 175 advancements
[09:55:06] [Render thread/INFO]: Loaded 175 advancements
[09:55:06] [Render thread/INFO]: Loaded 175 advancements
[09:55:06] [Render thread/INFO]: Loaded 175 advancements
[09:55:07] [Render thread/INFO]: Loaded 175 advancements
[09:55:07] [Render thread/INFO]: Loaded 175 advancements
[09:55:07] [Render thread/INFO]: Loaded 175 advancements
[09:55:07] [Render thread/INFO]: Loaded 175 advancements
[09:55:08] [Render thread/INFO]: Loaded 175 advancements
[09:55:08] [Render thread/INFO]: Loaded 175 advancements
[09:55:08] [Render thread/INFO]: Loaded 175 advancements
[09:55:08] [Render thread/INFO]: Loaded 175 advancements
[09:55:09] [Render thread/INFO]: Loaded 175 advancements
[09:55:09] [Render thread/INFO]: Loaded 175 advancements
[09:55:09] [Render thread/INFO]: Loaded 175 advancements
[09:55:09] [Render thread/INFO]: Loaded 176 advancements
[09:55:09] [Render thread/INFO]: Loaded 176 advancements
[09:55:10] [Render thread/INFO]: Loaded 176 advancements
[09:55:10] [Render thread/INFO]: Loaded 176 advancements
[09:55:10] [Render thread/INFO]: Loaded 176 advancements
[09:55:10] [Render thread/INFO]: Loaded 176 advancements
[09:55:10] [Render thread/INFO]: [FANCYMENU] ScreenCustomizationLayer registered: de.maxhenkel.camerautils.gui.ZoomScreen
[09:55:11] [Render thread/INFO]: Loaded 176 advancements
[09:55:11] [Render thread/INFO]: Loaded 176 advancements
[09:55:11] [Render thread/INFO]: Loaded 176 advancements
[09:55:11] [Render thread/INFO]: Loaded 176 advancements
[09:55:12] [Render thread/INFO]: Loaded 176 advancements
[09:55:12] [Render thread/INFO]: Loaded 176 advancements
[09:55:12] [Render thread/INFO]: Loaded 176 advancements
[09:55:12] [Render thread/INFO]: Loaded 176 advancements
[09:55:13] [Render thread/INFO]: Loaded 176 advancements
[09:55:13] [Render thread/INFO]: Loaded 176 advancements
[09:55:13] [Render thread/INFO]: Loaded 176 advancements
[09:55:13] [Render thread/INFO]: Loaded 176 advancements
[09:55:14] [Render thread/INFO]: Loaded 176 advancements
[09:55:14] [Render thread/INFO]: Loaded 176 advancements
[09:55:14] [Render thread/INFO]: Loaded 176 advancements
[09:55:14] [Render thread/INFO]: Loaded 176 advancements
[09:55:15] [Render thread/INFO]: Loaded 176 advancements
[09:55:15] [Render thread/INFO]: Loaded 176 advancements
[09:55:15] [Render thread/INFO]: Loaded 176 advancements
[09:55:15] [Render thread/INFO]: Loaded 176 advancements
[09:55:16] [Render thread/INFO]: Loaded 176 advancements
[09:55:16] [Render thread/INFO]: Loaded 176 advancements
[09:55:16] [Render thread/INFO]: Loaded 176 advancements
[09:55:16] [Render thread/INFO]: Loaded 176 advancements
[09:55:17] [Render thread/INFO]: Loaded 176 advancements
[09:55:17] [Render thread/INFO]: Loaded 176 advancements
[09:55:17] [Render thread/INFO]: Loaded 176 advancements
[09:55:17] [Render thread/INFO]: Loaded 176 advancements
[09:55:18] [Render thread/INFO]: Loaded 176 advancements
[09:55:18] [Render thread/INFO]: Loaded 176 advancements
[09:55:18] [Render thread/INFO]: Loaded 176 advancements
[09:55:18] [Render thread/INFO]: Loaded 176 advancements
[09:55:19] [Render thread/INFO]: Loaded 176 advancements
[09:55:19] [Render thread/INFO]: Loaded 176 advancements
[09:55:19] [Render thread/INFO]: Loaded 176 advancements
[09:55:19] [Render thread/INFO]: Loaded 176 advancements
[09:55:20] [Render thread/INFO]: Loaded 176 advancements
[09:55:20] [Render thread/INFO]: Loaded 176 advancements
[09:55:20] [Render thread/INFO]: Loaded 176 advancements
[09:55:20] [Render thread/INFO]: Loaded 176 advancements
[09:55:21] [Render thread/INFO]: Loaded 176 advancements
[09:55:21] [Render thread/INFO]: Loaded 176 advancements
[09:55:21] [Render thread/INFO]: Loaded 176 advancements
[09:55:21] [Render thread/INFO]: Loaded 176 advancements
[09:55:22] [Render thread/INFO]: Loaded 176 advancements
[09:55:22] [Render thread/INFO]: Loaded 176 advancements
[09:55:22] [Render thread/INFO]: Loaded 176 advancements
[09:55:22] [Render thread/INFO]: Loaded 176 advancements
[09:55:23] [Render thread/INFO]: Forgot about advancement vanilla_refresh:player/fall_super_high
[09:55:23] [Render thread/INFO]: Loaded 175 advancements
[09:55:23] [Render thread/INFO]: Loaded 175 advancements
[09:55:23] [Render thread/INFO]: Loaded 175 advancements
[09:55:23] [Render thread/INFO]: Loaded 175 advancements
[09:55:24] [Render thread/INFO]: Loaded 175 advancements
[09:55:24] [Render thread/INFO]: Loaded 175 advancements
[09:55:24] [Render thread/INFO]: Forgot about advancement vanilla_refresh:player/fall_super_high
[09:55:24] [Render thread/INFO]: Forgot about advancement vanilla_refresh:player/fall_super_high
[09:55:24] [Render thread/INFO]: Forgot about advancement vanilla_refresh:player/fall_high
[09:55:24] [Render thread/INFO]: Loaded 174 advancements
[09:55:30] [Render thread/INFO]: Loaded 175 advancements
[09:55:30] [Render thread/INFO]: Loaded 175 advancements
[09:55:30] [Render thread/INFO]: Loaded 175 advancements
[09:55:30] [Render thread/INFO]: Loaded 175 advancements
[09:55:31] [Render thread/INFO]: Loaded 175 advancements
[09:55:31] [Render thread/INFO]: Loaded 175 advancements
[09:55:31] [Render thread/INFO]: Loaded 175 advancements
[09:55:31] [Render thread/INFO]: Loaded 175 advancements
[09:55:32] [Render thread/INFO]: Loaded 175 advancements
[09:55:32] [Render thread/INFO]: Loaded 175 advancements
[09:55:32] [Render thread/INFO]: Loaded 175 advancements
[09:55:32] [Render thread/INFO]: Loaded 175 advancements
[09:55:33] [Render thread/INFO]: Loaded 175 advancements
[09:55:33] [Render thread/INFO]: Loaded 175 advancements
[09:55:33] [Render thread/INFO]: Loaded 175 advancements
[09:55:33] [Render thread/INFO]: Loaded 175 advancements
[09:55:34] [Render thread/INFO]: Loaded 175 advancements
[09:55:34] [Render thread/INFO]: Loaded 175 advancements
[09:55:34] [Render thread/INFO]: Loaded 175 advancements
[09:55:34] [Render thread/INFO]: Loaded 175 advancements
[09:55:35] [Render thread/INFO]: Loaded 175 advancements
[09:55:35] [Render thread/INFO]: Loaded 175 advancements
[09:55:35] [Render thread/INFO]: Loaded 175 advancements
[09:55:35] [Render thread/INFO]: Loaded 175 advancements
[09:55:36] [Render thread/INFO]: Loaded 175 advancements
[09:55:36] [Render thread/INFO]: Loaded 175 advancements
[09:55:36] [Render thread/INFO]: Loaded 175 advancements
[09:55:36] [Render thread/INFO]: Loaded 175 advancements
[09:55:37] [Render thread/INFO]: Loaded 175 advancements
[09:55:37] [Render thread/INFO]: Loaded 175 advancements
[09:55:37] [Render thread/INFO]: Loaded 175 advancements
[09:55:37] [Render thread/INFO]: Loaded 175 advancements
[09:55:38] [Render thread/INFO]: Loaded 175 advancements
[09:55:38] [Render thread/INFO]: Loaded 175 advancements
[09:55:38] [Render thread/INFO]: Loaded 175 advancements
[09:55:38] [Render thread/INFO]: Loaded 175 advancements
[09:55:39] [Render thread/INFO]: Loaded 175 advancements
[09:55:39] [Render thread/INFO]: Loaded 175 advancements
[09:55:39] [Render thread/INFO]: Loaded 175 advancements
[09:55:39] [Render thread/INFO]: Loaded 175 advancements
[09:55:40] [Render thread/INFO]: Loaded 175 advancements
[09:55:40] [Render thread/INFO]: Loaded 175 advancements
[09:55:40] [Render thread/INFO]: Loaded 175 advancements
[09:55:40] [Render thread/INFO]: Loaded 175 advancements
[09:55:41] [Render thread/INFO]: Loaded 175 advancements
[09:55:41] [Render thread/INFO]: Loaded 175 advancements
[09:55:41] [Render thread/INFO]: Loaded 175 advancements
[09:55:41] [Render thread/INFO]: Loaded 175 advancements
[09:55:42] [Render thread/INFO]: Loaded 175 advancements
[09:55:42] [Render thread/INFO]: Loaded 175 advancements
[09:55:42] [Render thread/INFO]: Loaded 175 advancements
[09:55:42] [Render thread/INFO]: Loaded 175 advancements
[09:55:43] [Render thread/INFO]: Loaded 175 advancements
[09:55:43] [Render thread/INFO]: Loaded 175 advancements
[09:55:43] [Render thread/INFO]: Loaded 175 advancements
[09:55:43] [Render thread/INFO]: Loaded 175 advancements
[09:55:44] [Render thread/INFO]: Loaded 175 advancements
[09:55:44] [Render thread/INFO]: Loaded 175 advancements
[09:55:44] [Render thread/INFO]: Loaded 175 advancements
[09:55:44] [Render thread/INFO]: Loaded 175 advancements
[09:55:45] [Render thread/INFO]: Loaded 175 advancements
[09:55:45] [Render thread/INFO]: Loaded 175 advancements
[09:55:45] [Render thread/INFO]: Loaded 175 advancements
[09:55:45] [Render thread/INFO]: Forgot about advancement vanilla_refresh:player/fall_high
[09:55:45] [Render thread/INFO]: Loaded 174 advancements
[09:56:39] [Render thread/INFO]: Loaded 175 advancements
[09:56:39] [Render thread/INFO]: Loaded 175 advancements
[09:56:39] [Render thread/INFO]: Loaded 175 advancements
[09:56:39] [Render thread/INFO]: Loaded 175 advancements
[09:56:40] [Render thread/INFO]: Loaded 175 advancements
[09:56:40] [Render thread/INFO]: Loaded 175 advancements
[09:56:40] [Render thread/INFO]: Loaded 176 advancements
[09:56:40] [Render thread/INFO]: Loaded 176 advancements
[09:56:40] [Render thread/INFO]: Loaded 176 advancements
[09:56:41] [Render thread/INFO]: Loaded 176 advancements
[09:56:41] [Render thread/INFO]: Loaded 176 advancements
[09:56:41] [Render thread/INFO]: Loaded 176 advancements
[09:56:41] [Render thread/INFO]: Loaded 176 advancements
[09:56:42] [Render thread/INFO]: Loaded 176 advancements
[09:56:42] [Render thread/INFO]: Loaded 176 advancements
[09:56:42] [Render thread/INFO]: Loaded 176 advancements
[09:56:42] [Render thread/INFO]: Loaded 176 advancements
[09:56:43] [Render thread/INFO]: Loaded 176 advancements
[09:56:43] [Render thread/INFO]: Loaded 176 advancements
[09:56:43] [Render thread/INFO]: Loaded 176 advancements
[09:56:43] [Render thread/INFO]: Loaded 176 advancements
[09:56:44] [Render thread/INFO]: Loaded 176 advancements
[09:56:44] [Render thread/INFO]: Loaded 176 advancements
[09:56:44] [Render thread/INFO]: Loaded 176 advancements
[09:56:44] [Render thread/INFO]: Loaded 176 advancements
[09:56:45] [Render thread/INFO]: Loaded 176 advancements
[09:56:45] [Render thread/INFO]: Loaded 176 advancements
[09:56:45] [Render thread/INFO]: Loaded 176 advancements
[09:56:45] [Render thread/INFO]: Loaded 176 advancements
[09:56:46] [Render thread/INFO]: Loaded 176 advancements
[09:56:46] [Render thread/INFO]: Loaded 176 advancements
[09:56:46] [Render thread/INFO]: Loaded 176 advancements
[09:56:46] [Render thread/INFO]: Loaded 176 advancements
[09:56:47] [Render thread/INFO]: Loaded 176 advancements
[09:56:47] [Render thread/INFO]: Loaded 176 advancements
[09:56:47] [Render thread/INFO]: Loaded 176 advancements
[09:56:47] [Render thread/INFO]: Loaded 176 advancements
[09:56:48] [Render thread/INFO]: Forgot about advancement vanilla_refresh:player/fall_super_high
[09:56:48] [Render thread/INFO]: Loaded 175 advancements
[09:56:48] [Render thread/INFO]: Loaded 175 advancements
[09:56:48] [Render thread/INFO]: Loaded 175 advancements
[09:56:48] [Render thread/INFO]: Loaded 175 advancements
[09:56:49] [Render thread/INFO]: Loaded 175 advancements
[09:56:49] [Render thread/INFO]: Loaded 175 advancements
[09:56:49] [Render thread/INFO]: Loaded 175 advancements
[09:56:49] [Render thread/INFO]: Loaded 175 advancements
[09:56:50] [Render thread/INFO]: Forgot about advancement vanilla_refresh:player/fall_super_high
[09:56:50] [Render thread/INFO]: Forgot about advancement vanilla_refresh:player/fall_high
[09:56:50] [Render thread/INFO]: Loaded 174 advancements
[09:58:17] [Render thread/INFO]: [FANCYMENU] Smooth font atlas initialized: file='noto_sans_sc.ttf', source=4, size=30px, style=plain, sizePx=512x512.
[09:58:18] [Server thread/INFO]: Saving and pausing game...
[09:58:18] [Server thread/INFO]: Saving chunks for level 'ServerLevel[新的世界]'/minecraft:overworld
[09:58:18] [Server thread/INFO]: Saving chunks for level 'ServerLevel[新的世界]'/minecraft:the_end
[09:58:18] [Server thread/INFO]: Saving chunks for level 'ServerLevel[新的世界]'/minecraft:the_nether
[09:59:08] [Render thread/INFO]: Loaded 175 advancements
[09:59:08] [Render thread/INFO]: Loaded 175 advancements
[09:59:09] [Render thread/INFO]: Loaded 175 advancements
[09:59:09] [Render thread/INFO]: Loaded 175 advancements
[09:59:09] [Render thread/INFO]: Loaded 175 advancements
[09:59:09] [Render thread/INFO]: Loaded 175 advancements
[09:59:09] [Render thread/INFO]: Loaded 175 advancements
[09:59:10] [Render thread/INFO]: Loaded 175 advancements
[09:59:10] [Render thread/INFO]: Loaded 175 advancements
[09:59:10] [Render thread/INFO]: Loaded 175 advancements
[09:59:11] [Render thread/INFO]: Loaded 175 advancements
[09:59:11] [Render thread/INFO]: Loaded 175 advancements
[09:59:11] [Render thread/INFO]: Loaded 175 advancements
[09:59:11] [Render thread/INFO]: Loaded 175 advancements
[09:59:12] [Render thread/INFO]: Loaded 175 advancements
[09:59:12] [Render thread/INFO]: Loaded 175 advancements
[09:59:12] [Render thread/INFO]: Loaded 175 advancements
[09:59:12] [Render thread/INFO]: Loaded 175 advancements
[09:59:13] [Render thread/INFO]: Loaded 175 advancements
[09:59:13] [Render thread/INFO]: Loaded 176 advancements
[09:59:13] [Render thread/INFO]: Loaded 176 advancements
[09:59:13] [Render thread/INFO]: Loaded 176 advancements
[09:59:13] [Render thread/INFO]: Loaded 176 advancements
[09:59:14] [Render thread/INFO]: Loaded 176 advancements
[09:59:14] [Render thread/INFO]: Loaded 176 advancements
[09:59:14] [Render thread/INFO]: Loaded 176 advancements
[09:59:14] [Render thread/INFO]: Loaded 176 advancements
[09:59:15] [Render thread/INFO]: Loaded 176 advancements
[09:59:15] [Render thread/INFO]: Loaded 176 advancements
[09:59:15] [Render thread/INFO]: Loaded 176 advancements
[09:59:15] [Render thread/INFO]: Loaded 176 advancements
[09:59:16] [Render thread/INFO]: Loaded 176 advancements
[09:59:16] [Render thread/INFO]: Loaded 176 advancements
[09:59:16] [Render thread/INFO]: Loaded 176 advancements
[09:59:16] [Render thread/INFO]: Loaded 176 advancements
[09:59:17] [Render thread/INFO]: Loaded 176 advancements
[09:59:17] [Render thread/INFO]: Loaded 176 advancements
[09:59:17] [Render thread/INFO]: Loaded 176 advancements
[09:59:17] [Render thread/INFO]: Loaded 176 advancements
[09:59:18] [Render thread/INFO]: Loaded 176 advancements
[09:59:18] [Render thread/INFO]: Loaded 176 advancements
[09:59:18] [Render thread/INFO]: Loaded 176 advancements
[09:59:18] [Render thread/INFO]: Loaded 176 advancements
[09:59:19] [Render thread/INFO]: Loaded 176 advancements
[09:59:19] [Render thread/INFO]: Loaded 176 advancements
[09:59:19] [Render thread/INFO]: Loaded 176 advancements
[09:59:19] [Render thread/INFO]: Loaded 176 advancements
[09:59:20] [Render thread/INFO]: Loaded 176 advancements
[09:59:20] [Render thread/INFO]: Loaded 176 advancements
[09:59:20] [Render thread/INFO]: Loaded 176 advancements
[09:59:20] [Render thread/INFO]: Loaded 176 advancements
[09:59:21] [Render thread/INFO]: Loaded 176 advancements
[09:59:21] [Render thread/INFO]: Loaded 176 advancements
[09:59:21] [Render thread/INFO]: Loaded 176 advancements
[09:59:21] [Render thread/INFO]: Loaded 176 advancements
[09:59:22] [Render thread/INFO]: Loaded 176 advancements
[09:59:22] [Render thread/INFO]: Loaded 176 advancements
[09:59:22] [Render thread/INFO]: Loaded 176 advancements
[09:59:22] [Render thread/INFO]: Loaded 176 advancements
[09:59:23] [Render thread/INFO]: Loaded 176 advancements
[09:59:23] [Render thread/INFO]: Loaded 176 advancements
[09:59:23] [Render thread/INFO]: Loaded 176 advancements
[09:59:23] [Render thread/INFO]: Loaded 176 advancements
[09:59:24] [Render thread/INFO]: Loaded 176 advancements
[09:59:24] [Render thread/INFO]: Loaded 176 advancements
[09:59:24] [Render thread/INFO]: Loaded 176 advancements
[09:59:24] [Render thread/INFO]: Loaded 176 advancements
[09:59:25] [Render thread/INFO]: Loaded 176 advancements
[09:59:25] [Render thread/INFO]: Loaded 176 advancements
[09:59:25] [Render thread/INFO]: Loaded 176 advancements
[09:59:25] [Render thread/INFO]: Loaded 176 advancements
[09:59:26] [Render thread/INFO]: Loaded 176 advancements
[09:59:26] [Render thread/INFO]: Loaded 176 advancements
[09:59:26] [Render thread/INFO]: Loaded 176 advancements
[09:59:26] [Render thread/INFO]: Loaded 176 advancements
[09:59:27] [Render thread/INFO]: Loaded 176 advancements
[09:59:27] [Render thread/INFO]: Loaded 176 advancements
[09:59:27] [Render thread/INFO]: Loaded 176 advancements
[09:59:27] [Render thread/INFO]: Loaded 176 advancements
[09:59:28] [Render thread/INFO]: Loaded 176 advancements
[09:59:28] [Render thread/INFO]: Loaded 176 advancements
[09:59:28] [Render thread/INFO]: Loaded 176 advancements
[09:59:28] [Render thread/INFO]: Loaded 176 advancements
[09:59:29] [Render thread/INFO]: Loaded 176 advancements
[09:59:29] [Render thread/INFO]: Loaded 176 advancements
[09:59:29] [Render thread/INFO]: Loaded 176 advancements
[09:59:29] [Render thread/INFO]: Loaded 176 advancements
[09:59:30] [Render thread/INFO]: Loaded 176 advancements
[09:59:30] [Render thread/INFO]: Loaded 176 advancements
[09:59:30] [Render thread/INFO]: Loaded 176 advancements
[09:59:30] [Render thread/INFO]: Loaded 176 advancements
[09:59:31] [Render thread/INFO]: Loaded 176 advancements
[09:59:31] [Render thread/INFO]: Loaded 176 advancements
[09:59:31] [Render thread/INFO]: Loaded 176 advancements
[09:59:31] [Render thread/INFO]: Loaded 176 advancements
[09:59:32] [Render thread/INFO]: Loaded 176 advancements
[09:59:32] [Render thread/INFO]: Loaded 176 advancements
[09:59:32] [Render thread/INFO]: Loaded 176 advancements
[09:59:32] [Render thread/INFO]: Loaded 176 advancements
[09:59:33] [Render thread/INFO]: Loaded 176 advancements
[09:59:33] [Render thread/INFO]: Loaded 176 advancements
[09:59:33] [Render thread/INFO]: Loaded 176 advancements
[09:59:33] [Render thread/INFO]: Loaded 176 advancements
[09:59:34] [Render thread/INFO]: Loaded 176 advancements
[09:59:34] [Render thread/INFO]: Loaded 176 advancements
[09:59:34] [Render thread/INFO]: Loaded 176 advancements
[09:59:34] [Render thread/INFO]: Loaded 176 advancements
[09:59:35] [Render thread/INFO]: Loaded 176 advancements
[09:59:35] [Render thread/INFO]: Loaded 176 advancements
[09:59:35] [Render thread/INFO]: Loaded 176 advancements
[09:59:35] [Render thread/INFO]: Loaded 176 advancements
[09:59:36] [Render thread/INFO]: Loaded 176 advancements
[09:59:36] [Render thread/INFO]: Loaded 176 advancements
[09:59:36] [Render thread/INFO]: Loaded 176 advancements
[09:59:36] [Render thread/INFO]: Loaded 176 advancements
[09:59:37] [Render thread/INFO]: Loaded 176 advancements
[09:59:37] [Render thread/INFO]: Loaded 176 advancements
[09:59:37] [Render thread/INFO]: Loaded 176 advancements
[09:59:37] [Render thread/INFO]: Loaded 176 advancements
[09:59:38] [Render thread/INFO]: Loaded 176 advancements
[09:59:38] [Render thread/INFO]: Loaded 176 advancements
[09:59:38] [Render thread/INFO]: Loaded 176 advancements
[09:59:38] [Render thread/INFO]: Loaded 176 advancements
[09:59:39] [Render thread/INFO]: Loaded 176 advancements
[09:59:39] [Render thread/INFO]: Loaded 176 advancements
[09:59:39] [Render thread/INFO]: Loaded 176 advancements
[09:59:39] [Render thread/INFO]: Loaded 176 advancements
[09:59:40] [Render thread/INFO]: Loaded 176 advancements
[09:59:40] [Render thread/INFO]: Loaded 176 advancements
[09:59:40] [Render thread/INFO]: Loaded 176 advancements
[09:59:40] [Render thread/INFO]: Loaded 176 advancements
[09:59:41] [Render thread/INFO]: Loaded 176 advancements
[09:59:41] [Render thread/INFO]: Loaded 176 advancements
[09:59:41] [Render thread/INFO]: Loaded 176 advancements
[09:59:41] [Render thread/INFO]: Loaded 176 advancements
[09:59:41] [Render thread/INFO]: Loaded 176 advancements
[09:59:42] [Render thread/INFO]: Loaded 176 advancements
[09:59:42] [Render thread/INFO]: Loaded 176 advancements
[09:59:42] [Render thread/INFO]: Loaded 176 advancements
[09:59:43] [Render thread/INFO]: Loaded 176 advancements
[09:59:43] [Render thread/INFO]: Loaded 176 advancements
[09:59:43] [Render thread/INFO]: Loaded 176 advancements
[09:59:43] [Render thread/INFO]: Loaded 176 advancements
[09:59:44] [Render thread/INFO]: Loaded 176 advancements
[09:59:44] [Render thread/INFO]: Loaded 176 advancements
[09:59:44] [Render thread/INFO]: Loaded 176 advancements
[09:59:44] [Render thread/INFO]: Loaded 176 advancements
[09:59:45] [Render thread/INFO]: Loaded 176 advancements
[09:59:45] [Render thread/INFO]: Forgot about advancement vanilla_refresh:player/fall_super_high
[09:59:45] [Render thread/INFO]: Loaded 175 advancements
[09:59:45] [Render thread/INFO]: Loaded 175 advancements
[09:59:45] [Render thread/INFO]: Loaded 175 advancements
[09:59:46] [Render thread/INFO]: Loaded 175 advancements
[09:59:46] [Render thread/INFO]: Loaded 175 advancements
[09:59:46] [Render thread/INFO]: Loaded 175 advancements
[09:59:46] [Render thread/INFO]: Loaded 175 advancements
[09:59:46] [Render thread/INFO]: Loaded 175 advancements
[09:59:47] [Render thread/INFO]: Loaded 175 advancements
[09:59:47] [Render thread/INFO]: Loaded 175 advancements
[09:59:47] [Render thread/INFO]: Loaded 175 advancements
[09:59:47] [Render thread/INFO]: Loaded 175 advancements
[09:59:48] [Render thread/INFO]: Loaded 175 advancements
[09:59:48] [Render thread/INFO]: Loaded 175 advancements
[09:59:48] [Render thread/INFO]: Loaded 175 advancements
[09:59:49] [Render thread/INFO]: Loaded 175 advancements
[09:59:49] [Render thread/INFO]: Loaded 175 advancements
[09:59:49] [Render thread/INFO]: Loaded 175 advancements
[09:59:49] [Render thread/INFO]: Forgot about advancement vanilla_refresh:player/fall_super_high
[09:59:49] [Render thread/INFO]: Forgot about advancement vanilla_refresh:player/fall_high
[09:59:49] [Render thread/INFO]: Loaded 174 advancements
[10:00:13] [Render thread/INFO]: Loaded 175 advancements
[10:00:13] [Render thread/INFO]: Loaded 175 advancements
[10:00:13] [Render thread/INFO]: Loaded 175 advancements
[10:00:13] [Render thread/INFO]: Loaded 175 advancements
[10:00:14] [Render thread/INFO]: Loaded 175 advancements
[10:00:14] [Render thread/INFO]: Loaded 175 advancements
[10:00:14] [Render thread/INFO]: Loaded 175 advancements
[10:00:14] [Render thread/INFO]: Loaded 175 advancements
[10:00:15] [Render thread/INFO]: Loaded 175 advancements
[10:00:15] [Render thread/INFO]: Loaded 175 advancements
[10:00:15] [Render thread/INFO]: Loaded 175 advancements
[10:00:15] [Render thread/INFO]: Loaded 175 advancements
[10:00:16] [Render thread/INFO]: Loaded 175 advancements
[10:00:16] [Render thread/INFO]: Loaded 175 advancements
[10:00:16] [Render thread/INFO]: Loaded 175 advancements
[10:00:16] [Render thread/INFO]: Loaded 175 advancements
[10:00:17] [Render thread/INFO]: Loaded 175 advancements
[10:00:17] [Render thread/INFO]: Loaded 175 advancements
[10:00:17] [Render thread/INFO]: Loaded 175 advancements
[10:00:17] [Render thread/INFO]: Loaded 175 advancements
[10:00:18] [Render thread/INFO]: Forgot about advancement vanilla_refresh:player/fall_high
[10:00:18] [Render thread/INFO]: Loaded 174 advancements
[10:00:23] [Render thread/INFO]: Loaded 175 advancements
[10:00:24] [Render thread/INFO]: Loaded 175 advancements
[10:00:24] [Render thread/INFO]: Loaded 175 advancements
[10:00:24] [Render thread/INFO]: Loaded 175 advancements
[10:00:24] [Render thread/INFO]: Forgot about advancement vanilla_refresh:player/fall_high
[10:00:24] [Render thread/INFO]: Loaded 174 advancements
[10:01:34] [Render thread/INFO]: Loaded 175 advancements
[10:01:34] [Render thread/INFO]: Loaded 175 advancements
[10:01:34] [Render thread/INFO]: Loaded 175 advancements
[10:01:34] [Render thread/INFO]: Loaded 175 advancements
[10:01:35] [Render thread/INFO]: Loaded 175 advancements
[10:01:35] [Render thread/INFO]: Loaded 175 advancements
[10:01:35] [Render thread/INFO]: Loaded 175 advancements
[10:01:35] [Render thread/INFO]: Loaded 175 advancements
[10:01:36] [Render thread/INFO]: Loaded 175 advancements
[10:01:36] [Render thread/INFO]: Loaded 175 advancements
[10:01:36] [Render thread/INFO]: Loaded 175 advancements
[10:01:36] [Render thread/INFO]: Loaded 175 advancements
[10:01:37] [Render thread/INFO]: Loaded 175 advancements
[10:01:37] [Render thread/INFO]: Forgot about advancement vanilla_refresh:player/fall_high
[10:01:37] [Render thread/INFO]: Loaded 174 advancements
[10:01:46] [Render thread/INFO]: Loaded 175 advancements
[10:01:47] [Render thread/INFO]: Loaded 175 advancements
[10:01:47] [Render thread/INFO]: Loaded 175 advancements
[10:01:47] [Render thread/INFO]: Loaded 175 advancements
[10:01:47] [Render thread/INFO]: Forgot about advancement vanilla_refresh:player/fall_high
[10:01:47] [Render thread/INFO]: Loaded 174 advancements
[10:01:58] [Render thread/INFO]: Loaded 175 advancements
[10:01:58] [Render thread/INFO]: Loaded 175 advancements
[10:01:58] [Render thread/INFO]: Loaded 175 advancements
[10:01:58] [Render thread/INFO]: Loaded 175 advancements
[10:01:58] [Render thread/INFO]: Forgot about advancement vanilla_refresh:player/fall_high
[10:01:58] [Render thread/INFO]: Loaded 174 advancements
[10:02:06] [Render thread/INFO]: Loaded 175 advancements
[10:02:07] [Render thread/INFO]: Loaded 175 advancements
[10:02:07] [Render thread/INFO]: Loaded 175 advancements
[10:02:07] [Render thread/INFO]: Loaded 175 advancements
[10:02:07] [Render thread/INFO]: Loaded 175 advancements
[10:02:07] [Render thread/INFO]: Forgot about advancement vanilla_refresh:player/fall_high
[10:02:07] [Render thread/INFO]: Loaded 174 advancements
[10:03:55] [Async Node Manager/INFO]: [me.cx.vy.ct.ce.rg.hl.AsyncNodeManager$SyncResults]: Expanding scatter update buffer to 56080
[10:03:55] [Async Node Manager/INFO]: [me.cx.vy.ct.ce.rg.hl.AsyncNodeManager$SyncResults]: Expanding scatter update buffer to 84240
[10:06:25] [Async Node Manager/INFO]: [me.cx.vy.ct.ce.rg.hl.AsyncNodeManager$SyncResults]: Expanding scatter update buffer to 126480
[10:10:52] [Render thread/INFO]: Loaded 175 advancements
[10:10:52] [Render thread/INFO]: Loaded 175 advancements
[10:10:53] [Render thread/INFO]: Loaded 175 advancements
[10:10:53] [Render thread/INFO]: Loaded 175 advancements
[10:10:53] [Render thread/INFO]: Loaded 175 advancements
[10:10:53] [Render thread/INFO]: Loaded 176 advancements
[10:10:53] [Render thread/INFO]: Loaded 176 advancements
[10:10:54] [Render thread/INFO]: Loaded 176 advancements
[10:10:54] [Render thread/INFO]: Loaded 176 advancements
[10:10:54] [Render thread/INFO]: Loaded 176 advancements
[10:10:54] [Render thread/INFO]: Loaded 176 advancements
[10:10:55] [Render thread/INFO]: Loaded 176 advancements
[10:10:55] [Render thread/INFO]: Loaded 176 advancements
[10:10:55] [Render thread/INFO]: Loaded 176 advancements
[10:10:56] [Render thread/INFO]: Forgot about advancement vanilla_refresh:player/fall_super_high
[10:10:56] [Render thread/INFO]: Loaded 175 advancements
[10:10:56] [Render thread/INFO]: Loaded 175 advancements
[10:10:56] [Render thread/INFO]: Loaded 175 advancements
[10:10:56] [Render thread/INFO]: Loaded 175 advancements
[10:10:56] [Render thread/INFO]: Loaded 175 advancements
[10:10:57] [Render thread/INFO]: Loaded 175 advancements
[10:10:57] [Render thread/INFO]: Loaded 175 advancements
[10:10:57] [Render thread/INFO]: Loaded 175 advancements
[10:10:57] [Render thread/INFO]: Loaded 176 advancements
[10:10:58] [Render thread/INFO]: Loaded 176 advancements
[10:10:58] [Render thread/INFO]: Loaded 176 advancements
[10:10:58] [Render thread/INFO]: Loaded 176 advancements
[10:10:58] [Render thread/INFO]: Loaded 176 advancements
[10:10:59] [Render thread/INFO]: Loaded 176 advancements
[10:10:59] [Render thread/INFO]: Loaded 176 advancements
[10:10:59] [Render thread/INFO]: Loaded 176 advancements
[10:10:59] [Render thread/INFO]: Forgot about advancement vanilla_refresh:player/fall_super_high
[10:10:59] [Render thread/INFO]: Loaded 175 advancements
[10:11:00] [Render thread/INFO]: Loaded 175 advancements
[10:11:00] [Render thread/INFO]: Loaded 175 advancements
[10:11:00] [Render thread/INFO]: Forgot about advancement vanilla_refresh:player/fall_super_high
[10:11:00] [Render thread/INFO]: Forgot about advancement vanilla_refresh:player/fall_super_high
[10:11:00] [Render thread/INFO]: Forgot about advancement vanilla_refresh:player/fall_high
[10:11:00] [Render thread/INFO]: Loaded 174 advancements
[10:11:01] [Render thread/INFO]: Loaded 175 advancements
[10:11:01] [Render thread/INFO]: Loaded 175 advancements
[10:11:01] [Render thread/INFO]: Loaded 175 advancements
[10:11:02] [Render thread/INFO]: Loaded 176 advancements
[10:11:02] [Render thread/INFO]: Loaded 176 advancements
[10:11:02] [Render thread/INFO]: Loaded 176 advancements
[10:11:02] [Render thread/INFO]: Loaded 176 advancements
[10:11:03] [Render thread/INFO]: Loaded 176 advancements
[10:11:03] [Render thread/INFO]: Loaded 176 advancements
[10:11:03] [Render thread/INFO]: Loaded 176 advancements
[10:11:03] [Render thread/INFO]: Loaded 176 advancements
[10:11:04] [Render thread/INFO]: Loaded 176 advancements
[10:11:04] [Render thread/INFO]: Loaded 176 advancements
[10:11:04] [Render thread/INFO]: Loaded 176 advancements
[10:11:04] [Render thread/INFO]: Loaded 176 advancements
[10:11:05] [Render thread/INFO]: Loaded 176 advancements
[10:11:05] [Render thread/INFO]: Loaded 176 advancements
[10:11:05] [Render thread/INFO]: Loaded 176 advancements
[10:11:05] [Render thread/INFO]: Loaded 176 advancements
[10:11:06] [Render thread/INFO]: Loaded 176 advancements
[10:11:06] [Render thread/INFO]: Loaded 176 advancements
[10:11:06] [Render thread/INFO]: Loaded 176 advancements
[10:11:06] [Render thread/INFO]: Loaded 176 advancements
[10:11:07] [Render thread/INFO]: Loaded 176 advancements
[10:11:07] [Render thread/INFO]: Loaded 176 advancements
[10:11:07] [Render thread/INFO]: Loaded 176 advancements
[10:11:07] [Render thread/INFO]: Loaded 176 advancements
[10:11:08] [Render thread/INFO]: Loaded 176 advancements
[10:11:08] [Render thread/INFO]: Loaded 176 advancements
[10:11:08] [Render thread/INFO]: Loaded 176 advancements
[10:11:08] [Render thread/INFO]: Loaded 176 advancements
[10:11:09] [Render thread/INFO]: Loaded 176 advancements
[10:11:09] [Render thread/INFO]: Loaded 176 advancements
[10:11:09] [Render thread/INFO]: Loaded 176 advancements
[10:11:09] [Render thread/INFO]: Loaded 176 advancements
[10:11:10] [Render thread/INFO]: Loaded 176 advancements
[10:11:10] [Render thread/INFO]: Loaded 176 advancements
[10:11:10] [Render thread/INFO]: Loaded 176 advancements
[10:11:10] [Render thread/INFO]: Loaded 176 advancements
[10:11:11] [Render thread/INFO]: Loaded 176 advancements
[10:11:11] [Render thread/INFO]: Loaded 176 advancements
[10:11:11] [Render thread/INFO]: Loaded 176 advancements
[10:11:11] [Render thread/INFO]: Loaded 176 advancements
[10:11:12] [Render thread/INFO]: Loaded 176 advancements
[10:11:12] [Render thread/INFO]: Loaded 176 advancements
[10:11:12] [Render thread/INFO]: Loaded 176 advancements
[10:11:12] [Render thread/INFO]: Loaded 176 advancements
[10:11:13] [Render thread/INFO]: Loaded 176 advancements
[10:11:13] [Render thread/INFO]: Loaded 176 advancements
[10:11:13] [Render thread/INFO]: Loaded 176 advancements
[10:11:13] [Render thread/INFO]: Loaded 176 advancements
[10:11:14] [Render thread/INFO]: Loaded 176 advancements
[10:11:14] [Render thread/INFO]: Loaded 176 advancements
[10:11:14] [Render thread/INFO]: Loaded 176 advancements
[10:11:14] [Render thread/INFO]: Loaded 176 advancements
[10:11:15] [Render thread/INFO]: Loaded 176 advancements
[10:11:15] [Render thread/INFO]: Loaded 176 advancements
[10:11:15] [Render thread/INFO]: Loaded 176 advancements
[10:11:15] [Render thread/INFO]: Loaded 176 advancements
[10:11:15] [Render thread/INFO]: Loaded 176 advancements
[10:11:16] [Render thread/INFO]: Loaded 176 advancements
[10:11:16] [Render thread/INFO]: Loaded 176 advancements
[10:11:16] [Render thread/INFO]: Loaded 176 advancements
[10:11:16] [Render thread/INFO]: Loaded 176 advancements
[10:11:17] [Render thread/INFO]: Loaded 176 advancements
[10:11:17] [Render thread/INFO]: Loaded 176 advancements
[10:11:17] [Render thread/INFO]: Loaded 176 advancements
[10:11:18] [Render thread/INFO]: Loaded 176 advancements
[10:11:18] [Render thread/INFO]: Loaded 176 advancements
[10:11:18] [Render thread/INFO]: Loaded 176 advancements
[10:11:18] [Render thread/INFO]: Loaded 176 advancements
[10:11:19] [Render thread/INFO]: Loaded 176 advancements
[10:11:19] [Render thread/INFO]: Loaded 176 advancements
[10:11:19] [Render thread/INFO]: Loaded 176 advancements
[10:11:19] [Render thread/INFO]: Loaded 176 advancements
[10:11:20] [Render thread/INFO]: Loaded 176 advancements
[10:11:20] [Render thread/INFO]: Loaded 176 advancements
[10:11:20] [Render thread/INFO]: Loaded 176 advancements
[10:11:20] [Render thread/INFO]: Loaded 176 advancements
[10:11:21] [Render thread/INFO]: Loaded 176 advancements
[10:11:21] [Render thread/INFO]: Loaded 176 advancements
[10:11:21] [Render thread/INFO]: Loaded 176 advancements
[10:11:21] [Render thread/INFO]: Loaded 176 advancements
[10:11:22] [Render thread/INFO]: Loaded 176 advancements
[10:11:22] [Render thread/INFO]: Loaded 176 advancements
[10:11:22] [Render thread/INFO]: Loaded 176 advancements
[10:11:22] [Render thread/INFO]: Loaded 176 advancements
[10:11:23] [Render thread/INFO]: Loaded 176 advancements
[10:11:23] [Render thread/INFO]: Loaded 176 advancements
[10:11:23] [Render thread/INFO]: Loaded 176 advancements
[10:11:23] [Render thread/INFO]: Loaded 176 advancements
[10:11:24] [Render thread/INFO]: Forgot about advancement vanilla_refresh:player/fall_super_high
[10:11:24] [Render thread/INFO]: Loaded 175 advancements
[10:11:24] [Render thread/INFO]: Loaded 175 advancements
[10:11:24] [Render thread/INFO]: Loaded 175 advancements
[10:11:24] [Render thread/INFO]: Loaded 175 advancements
[10:11:25] [Render thread/INFO]: Loaded 175 advancements
[10:11:25] [Render thread/INFO]: Loaded 176 advancements
[10:11:25] [Render thread/INFO]: Loaded 176 advancements
[10:11:25] [Render thread/INFO]: Loaded 176 advancements
[10:11:25] [Render thread/INFO]: Loaded 176 advancements
[10:11:26] [Render thread/INFO]: Loaded 176 advancements
[10:11:26] [Render thread/INFO]: Loaded 176 advancements
[10:11:26] [Render thread/INFO]: Forgot about advancement vanilla_refresh:player/fall_super_high
[10:11:26] [Render thread/INFO]: Loaded 175 advancements
[10:11:26] [Render thread/INFO]: Loaded 176 advancements
[10:11:26] [Render thread/INFO]: Loaded 176 advancements
[10:11:26] [Render thread/INFO]: Loaded 176 advancements
[10:11:27] [Render thread/INFO]: Loaded 176 advancements
[10:11:27] [Render thread/INFO]: Forgot about advancement vanilla_refresh:player/fall_super_high
[10:11:27] [Render thread/INFO]: Loaded 175 advancements
[10:11:27] [Render thread/INFO]: Loaded 176 advancements
[10:11:27] [Render thread/INFO]: Loaded 176 advancements
[10:11:28] [Render thread/INFO]: Loaded 176 advancements
[10:11:28] [Render thread/INFO]: Loaded 176 advancements
[10:11:28] [Render thread/INFO]: Loaded 176 advancements
[10:11:28] [Render thread/INFO]: Loaded 176 advancements
[10:11:28] [Render thread/INFO]: Loaded 176 advancements
[10:11:29] [Render thread/INFO]: Loaded 176 advancements
[10:11:29] [Render thread/INFO]: Loaded 176 advancements
[10:11:29] [Render thread/INFO]: Loaded 176 advancements
[10:11:29] [Render thread/INFO]: Loaded 176 advancements
[10:11:30] [Render thread/INFO]: Loaded 176 advancements
[10:11:30] [Render thread/INFO]: Loaded 176 advancements
[10:11:30] [Render thread/INFO]: Loaded 176 advancements
[10:11:30] [Render thread/INFO]: Loaded 176 advancements
[10:11:31] [Render thread/INFO]: Loaded 176 advancements
[10:11:31] [Render thread/INFO]: Loaded 176 advancements
[10:11:31] [Render thread/INFO]: Loaded 176 advancements
[10:11:32] [Render thread/INFO]: Loaded 176 advancements
[10:11:32] [Render thread/INFO]: Loaded 176 advancements
[10:11:32] [Render thread/INFO]: Forgot about advancement vanilla_refresh:player/fall_super_high
[10:11:32] [Render thread/INFO]: Loaded 175 advancements
[10:11:32] [Render thread/INFO]: Loaded 175 advancements
[10:11:33] [Render thread/INFO]: Loaded 175 advancements
[10:11:33] [Render thread/INFO]: Loaded 175 advancements
[10:11:33] [Render thread/INFO]: Loaded 175 advancements
[10:11:33] [Render thread/INFO]: Loaded 175 advancements
[10:11:34] [Render thread/INFO]: Loaded 175 advancements
[10:11:34] [Render thread/INFO]: Loaded 175 advancements
[10:11:34] [Render thread/INFO]: Loaded 175 advancements
[10:11:34] [Render thread/INFO]: Loaded 175 advancements
[10:11:34] [Render thread/INFO]: Loaded 176 advancements
[10:11:35] [Render thread/INFO]: Loaded 176 advancements
[10:11:35] [Render thread/INFO]: Loaded 176 advancements
[10:11:35] [Render thread/INFO]: Loaded 176 advancements
[10:11:35] [Render thread/INFO]: Loaded 176 advancements
[10:11:36] [Render thread/INFO]: Loaded 176 advancements
[10:11:36] [Render thread/INFO]: Loaded 176 advancements
[10:11:36] [Render thread/INFO]: Loaded 176 advancements
[10:11:36] [Render thread/INFO]: Forgot about advancement vanilla_refresh:player/fall_super_high
[10:11:36] [Render thread/INFO]: Loaded 175 advancements
[10:11:36] [Render thread/WARN]: Unable to play empty soundEvent: minecraft:entity.tropical_fish.ambient
[10:11:37] [Render thread/INFO]: Loaded 175 advancements
[10:11:37] [Render thread/INFO]: Loaded 175 advancements
[10:11:37] [Render thread/INFO]: Loaded 175 advancements
[10:11:37] [Render thread/INFO]: Loaded 175 advancements
[10:11:37] [Render thread/INFO]: Forgot about advancement vanilla_refresh:player/fall_super_high
[10:11:37] [Render thread/INFO]: Forgot about advancement vanilla_refresh:player/fall_super_high
[10:11:37] [Render thread/INFO]: Forgot about advancement vanilla_refresh:player/fall_super_high
[10:11:37] [Render thread/INFO]: Forgot about advancement vanilla_refresh:player/fall_super_high
[10:11:37] [Render thread/INFO]: Forgot about advancement vanilla_refresh:player/fall_super_high
[10:11:37] [Render thread/INFO]: Forgot about advancement vanilla_refresh:player/fall_high
[10:11:37] [Render thread/INFO]: Loaded 174 advancements
[10:11:39] [Async Node Manager/INFO]: [me.cx.vy.ct.ce.rg.hl.AsyncNodeManager$SyncResults]: Expanding scatter update buffer to 189840
[10:11:39] [Async Node Manager/INFO]: [me.cx.vy.ct.ce.rg.hl.AsyncNodeManager$SyncResults]: Expanding scatter update buffer to 284880
[10:12:15] [Render thread/INFO]: [System] [CHAT] 已设置重生点
[10:12:15] [Render thread/INFO]: [FANCYMENU] ScreenCustomizationLayer registered: in_bed_chat_screen
[10:12:20] [Server thread/INFO]: Saving and pausing game...
[10:12:20] [Server thread/INFO]: Saving chunks for level 'ServerLevel[新的世界]'/minecraft:overworld
[10:12:20] [Server thread/INFO]: Saving chunks for level 'ServerLevel[新的世界]'/minecraft:the_end
[10:12:20] [Server thread/INFO]: Saving chunks for level 'ServerLevel[新的世界]'/minecraft:the_nether
[10:13:00] [Render thread/WARN]: Unable to play empty soundEvent: minecraft:entity.cod.ambient
[10:13:14] [Async Node Manager/INFO]: [me.cx.vy.ct.ce.rg.hl.AsyncNodeManager$SyncResults]: Expanding scatter update buffer to 427440
[10:13:23] [Render thread/INFO]: Loaded 174 advancements
[10:13:47] [Render thread/INFO]: Loaded 174 advancements
[10:13:47] [Render thread/INFO]: Loaded 175 advancements
[10:13:50] [Render thread/INFO]: Loaded 175 advancements
[10:14:33] [Server thread/INFO]: Villager Villager['农民'/143035, l='ServerLevel[新的世界]', x=-19175.08, y=68.00, z=17678.77] died, message: '农民被366862732杀死了'
[10:14:33] [Render thread/INFO]: Villager Villager['农民'/143035, l='ClientLevel', x=-19174.88, y=68.30, z=17678.86] died, message: '农民死了'
[10:14:35] [Server thread/INFO]: Villager Villager['村民'/143034, l='ServerLevel[新的世界]', x=-19176.28, y=68.00, z=17680.86] died, message: '村民被366862732杀死了'
[10:14:35] [Render thread/INFO]: Villager Villager['村民'/143034, l='ClientLevel', x=-19176.57, y=68.00, z=17681.01] died, message: '村民死了'
[10:16:57] [Render thread/INFO]: Loaded 176 advancements
[10:16:58] [Render thread/INFO]: Forgot about advancement vanilla_refresh:player/fall_high
[10:16:58] [Render thread/INFO]: Loaded 175 advancements
[10:16:59] [Server thread/INFO]: Villager Villager['制图师'/143040, l='ServerLevel[新的世界]', x=-19199.49, y=71.00, z=17667.17] died, message: '制图师被366862732杀死了'
[10:16:59] [Render thread/INFO]: Villager Villager['制图师'/143040, l='ClientLevel', x=-19199.85, y=70.98, z=17667.50] died, message: '制图师死了'
[10:17:03] [Render thread/INFO]: Loaded 176 advancements
[10:17:03] [Render thread/INFO]: Forgot about advancement vanilla_refresh:player/fall_high
[10:17:03] [Render thread/INFO]: Loaded 175 advancements
[10:17:09] [Server thread/INFO]: Villager Villager['农民'/143039, l='ServerLevel[新的世界]', x=-19163.54, y=68.00, z=17660.42] died, message: '农民被366862732杀死了'
[10:17:09] [Render thread/INFO]: Villager Villager['农民'/143039, l='ClientLevel', x=-19164.18, y=68.00, z=17659.81] died, message: '农民死了'
[10:20:59] [Async Node Manager/INFO]: [me.cx.vy.ct.ce.rg.hl.AsyncNodeManager$SyncResults]: Expanding scatter update buffer to 641280
[10:21:10] [Render thread/INFO]: Resizing Dynamic Transforms UBO, capacity limit of 16 reached during a single frame. New capacity will be 32.
[10:21:36] [Render thread/INFO]: Loaded 176 advancements
[10:21:36] [Render thread/INFO]: Loaded 176 advancements
[10:21:36] [Render thread/INFO]: Loaded 176 advancements
[10:21:36] [Render thread/INFO]: Loaded 176 advancements
[10:21:36] [Render thread/INFO]: Loaded 176 advancements
[10:21:37] [Render thread/INFO]: Loaded 176 advancements
[10:21:37] [Render thread/INFO]: Forgot about advancement vanilla_refresh:player/fall_high
[10:21:37] [Render thread/INFO]: Loaded 175 advancements
[10:22:48] [Server thread/INFO]: Villager Villager['村民'/189244, l='ServerLevel[新的世界]', x=-19297.50, y=67.00, z=17566.26] died, message: '村民被366862732杀死了'
[10:22:48] [Render thread/INFO]: Villager Villager['村民'/189244, l='ClientLevel', x=-19297.51, y=67.00, z=17567.19] died, message: '村民死了'
[10:23:06] [Render thread/INFO]: [FANCYMENU] ScreenCustomizationLayer registered: game_mode_switcher_screen
[10:23:06] [Server thread/INFO]: [366862732: 已将自己的游戏模式设置为旁观模式]
[10:23:06] [Render thread/INFO]: [System] [CHAT] 已将自己的游戏模式设置为旁观模式
[10:23:06] [Render thread/INFO]: [System] [CHAT] \nSpectator Actions
[10:23:06] [Render thread/INFO]: [System] [CHAT] 
[10:23:06] [Render thread/INFO]: [System] [CHAT] -> 随机玩家   -> 幽灵粒子效果: ?
[10:23:06] [Render thread/INFO]: [System] [CHAT] 
[10:23:06] [Render thread/INFO]: [System] [CHAT] -> 世界出生点      -> 夜视效果: ?
[10:23:06] [Render thread/INFO]: [System] [CHAT] 
[10:23:06] [Render thread/INFO]: [System] [CHAT] -> 出现
[10:23:06] [Render thread/INFO]: [System] [CHAT] 
[10:23:17] [Server thread/INFO]: Saving and pausing game...
[10:23:17] [Server thread/INFO]: Saving chunks for level 'ServerLevel[新的世界]'/minecraft:overworld
[10:23:17] [Server thread/INFO]: Saving chunks for level 'ServerLevel[新的世界]'/minecraft:the_end
[10:23:17] [Server thread/INFO]: Saving chunks for level 'ServerLevel[新的世界]'/minecraft:the_nether
[10:23:17] [Render thread/INFO]: Stopping JEI
[10:23:17] [Render thread/INFO]: Stopping JEI
[10:23:17] [Render thread/INFO]: Sending Runtime Unavailable...
[10:23:17] [Render thread/INFO]: Stopping JEI GUI
[10:23:17] [Render thread/INFO]: Sending Runtime Unavailable took 268.3 microseconds
[10:23:17] [Render thread/INFO]: [FastQuit] Disconnected "新的世界" from the client.
[10:23:17] [Render thread/INFO]: [me.cx.vy.ct.ce.VoxyRenderSystem]: Flushing download stream
[10:23:17] [Render thread/INFO]: [me.cx.vy.ct.ce.VoxyRenderSystem]: Shutting down rendering
[10:23:17] [Server thread/INFO]: Waiting for Async poll to shutdown...
[10:23:17] [Server thread/INFO]: Stopping server
[10:23:17] [Server thread/INFO]: Saving players
[10:23:17] [Server thread/INFO]: 366862732 lost connection: 连接中断
[10:23:17] [Server thread/INFO]: 366862732退出了游戏
[10:23:17] [Server thread/INFO]: Stopping singleplayer server as player logged out
[10:23:17] [Server thread/INFO]: Saving worlds
[10:23:17] [Server thread/INFO]: ServerLevel[新的世界]/minecraft:overworld: waiting for 2025 chunks to unload
[10:23:17] [Render thread/INFO]: [me.cx.vy.ct.ce.VoxyRenderSystem]: Shutting down render pipeline
[10:23:17] [Render thread/INFO]: [me.cx.vy.ct.ce.VoxyRenderSystem]: Flushing download stream
[10:23:17] [Render thread/INFO]: [me.cx.vy.ct.ce.VoxyRenderSystem]: Render shutdown completed
[10:23:17] [Render thread/INFO]: Stopping worker threads
[10:23:18] [Render thread/INFO]: [ETF]: emissive suffixes loaded: [_e]
[10:23:18] [Render thread/INFO]: [me.cx.vy.cl.VoxyInstance]: Shutting down voxy instance
[10:23:18] [Server thread/INFO]: Saving chunks for level 'ServerLevel[新的世界]'/minecraft:overworld
[10:23:18] [Server thread/INFO]: Saving chunks for level 'ServerLevel[新的世界]'/minecraft:the_end
[10:23:18] [Server thread/INFO]: Saving chunks for level 'ServerLevel[新的世界]'/minecraft:the_nether
[10:23:18] [Server thread/INFO]: ThreadedAnvilChunkStorage (world): All chunks are saved
[10:23:18] [Server thread/INFO]: ThreadedAnvilChunkStorage (DIM1): All chunks are saved
[10:23:18] [Server thread/INFO]: ThreadedAnvilChunkStorage (DIM-1): All chunks are saved
[10:23:18] [Server thread/INFO]: ThreadedAnvilChunkStorage: All dimensions are saved
[10:23:18] [C2ME Storage #3/INFO]: Storage thread Thread[#292,C2ME Storage #3,8,main] stopped
[10:23:18] [C2ME Storage #2/INFO]: Storage thread Thread[#285,C2ME Storage #2,8,main] stopped
[10:23:18] [C2ME Storage #1/INFO]: Storage thread Thread[#284,C2ME Storage #1,8,main] stopped
[10:23:18] [C2ME Storage #6/INFO]: Storage thread Thread[#295,C2ME Storage #6,8,main] stopped
[10:23:18] [C2ME Storage #5/INFO]: Storage thread Thread[#294,C2ME Storage #5,8,main] stopped
[10:23:18] [C2ME Storage #4/INFO]: Storage thread Thread[#293,C2ME Storage #4,8,main] stopped
[10:23:18] [C2ME Storage #9/INFO]: Storage thread Thread[#298,C2ME Storage #9,8,main] stopped
[10:23:18] [C2ME Storage #8/INFO]: Storage thread Thread[#297,C2ME Storage #8,8,main] stopped
[10:23:18] [C2ME Storage #7/INFO]: Storage thread Thread[#296,C2ME Storage #7,8,main] stopped
[10:23:18] [Server thread/INFO]: Unloading server configs...
[10:23:18] [Server thread/INFO]: Sending config unload event for refurbished_furniture.server.toml
[10:23:18] [Server thread/INFO]: Finished unloading server configs
[10:23:18] [Server thread/INFO]: Dispatching unloading event for config easymagic-server.toml
[10:23:18] [Server thread/INFO]: Dispatching unloading event for config fastitemframes-server.toml
[10:23:18] [Server thread/INFO]: Dispatching unloading event for config pickupnotifier-server.toml
[10:23:18] [Server thread/INFO]: Dispatching unloading event for config universalenchants-server.toml
[10:23:18] [Server thread/INFO]: [FastQuit] 成功保存“新的世界” (0s)
[10:23:18] [Render thread/INFO]: [me.cx.vy.cl.VoxyInstance]: Instance shutdown
[10:23:18] [Render thread/INFO]: [ETF]: emissive suffixes loaded: [_e]
[10:23:26] [spark-monitoring-2-thread-1/INFO]: [STDERR]: Uncaught exception thrown in thread spark-monitoring-2-thread-1
[10:23:26] [spark-monitoring-2-thread-1/INFO]: [STDERR]: java.util.concurrent.CancellationException
[10:23:26] [spark-monitoring-2-thread-1/INFO]: [STDERR]: 	at java.base/java.util.concurrent.FutureTask.report(FutureTask.java:123)
[10:23:26] [spark-monitoring-2-thread-1/INFO]: [STDERR]: 	at java.base/java.util.concurrent.FutureTask.get(FutureTask.java:193)
[10:23:26] [spark-monitoring-2-thread-1/INFO]: [STDERR]: 	at knot//me.lucko.spark.common.util.SparkScheduledThreadPoolExecutor.afterExecute(SparkScheduledThreadPoolExecutor.java:48)
[10:23:26] [spark-monitoring-2-thread-1/INFO]: [STDERR]: 	at java.base/java.util.concurrent.ThreadPoolExecutor.runWorker(ThreadPoolExecutor.java:1091)
[10:23:26] [spark-monitoring-2-thread-1/INFO]: [STDERR]: 	at java.base/java.util.concurrent.ThreadPoolExecutor$Worker.run(ThreadPoolExecutor.java:614)
[10:23:26] [spark-monitoring-2-thread-1/INFO]: [STDERR]: 	at java.base/java.lang.Thread.run(Thread.java:1516)
[10:23:40] [Render thread/INFO]: Stopping [2] Placement Manager Daemon threads
[10:23:41] [CullThread/INFO]: [STDOUT]: Shutting down culling task!
[10:23:41] [Render thread/INFO]: Stopping [0] Placement Manager Daemon threads
[10:23:41] [Render thread/INFO]: Stopping!
[10:23:41] [Render thread/INFO]: Stopping JEI
[10:23:41] [Render thread/INFO]: Stopping JEI
[10:23:41] [Render thread/INFO]: Sending Runtime Unavailable...
[10:23:41] [Render thread/INFO]: Stopping JEI GUI
[10:23:41] [Render thread/INFO]: Sending Runtime Unavailable took 238.9 microseconds
[10:23:41] [Render thread/INFO]: [ETF]: emissive suffixes loaded: [_e]
[10:23:41] [Render thread/INFO]: [FastQuit] Exiting FastQuit.
